DROP TABLE IF EXISTS point CASCADE;
DROP TABLE IF EXISTS laddle CASCADE;
DROP TABLE IF EXISTS property CASCADE;
DROP TABLE IF EXISTS refractory CASCADE;
DROP TABLE IF EXISTS shop CASCADE;
DROP TABLE IF EXISTS zone CASCADE;

drop table if exists user_role CASCADE;
drop table if exists role CASCADE;
drop table if exists users CASCADE;

create table shop
(
    id               bigint not null
        constraint shop_pkey
            primary key,
    employees_number integer,
    name             varchar(255)
);


-- ************************************** "Ladle"

create table laddle
(
    id      bigint not null
        constraint laddle_pkey
            primary key,
    name    varchar(255),
    photo   bytea,
    shop_id bigint not null
        constraint fkenejp0s83ufpfixrdwy55cdbi
            references shop
            on delete cascade
);



create table zone
(
    id        bigint not null
        constraint zone_pkey
            primary key,
    name      varchar(255),
    laddle_id bigint not null
        constraint fk70pqwyx7m4uie64wul8m8sn6r
            references laddle
);

-- ************************************** "Refractory"

create table refractory
(
    id             bigint not null
        constraint refractory_pkey
            primary key,
    name           varchar(255),
    characteristic varchar(255),
    zone_id        bigint not null
        constraint fkpw1wys9pfjqw19id8wwh57kgq
            references zone
);

-- ************************************** "Property"

create table property
(
    id             bigint not null
        constraint property_pkey
            primary key,
    name           varchar(255),
    type           varchar(255),
    value          varchar(255),
    refractory_id  bigint not null
        constraint fkjfyll53w6wir63d59x7qbaovd
            references refractory
);

-- ************************************** "Point"

create table point
(
    id      bigint not null
        constraint point_pkey
            primary key,
    x       integer,
    y       integer,
    zone_id bigint not null
        constraint fk5nh147hk25f3fxt8n9187qowy
            references zone
);


drop table if exists user_role CASCADE;
drop table if exists role CASCADE;
drop table if exists users CASCADE;

create table role
(
    id          bigserial not null
        constraint role_pkey
            primary key,
    description varchar(255),
    role_name   varchar(255)
);


create table users
(
    id          bigint not null
        constraint users_pkey
            primary key,
    first_name  varchar(255),
    last_name   varchar(255),
    middle_name varchar(255),
    username    varchar(255),
    password    varchar(255),
    shop_id     bigint
        constraint fkfesbkulej4bo8neiy68turcbo
            references shop on delete set null
);

create table user_role
(
    user_id bigint not null
        constraint fkj345gk1bovqvfame88rcx7yyx
            references users,
    role_id bigint not null
        constraint fka68196081fvovjhkek5m97n3y
            references role
);

drop table if exists oauth_client_details;
create table oauth_client_details
(
    client_id               VARCHAR(256) PRIMARY KEY,
    resource_ids            VARCHAR(256),
    client_secret           VARCHAR(256),
    scope                   VARCHAR(256),
    authorized_grant_types  VARCHAR(256),
    web_server_redirect_uri VARCHAR(256),
    authorities             VARCHAR(256),
    access_token_validity   INTEGER,
    refresh_token_validity  INTEGER,
    additional_information  VARCHAR(4096),
    autoapprove             VARCHAR(256)
);

drop table if exists oauth_client_details;
create table oauth_client_details
(
    client_id               VARCHAR(256) PRIMARY KEY,
    resource_ids            VARCHAR(256),
    client_secret           VARCHAR(256),
    scope                   VARCHAR(256),
    authorized_grant_types  VARCHAR(256),
    web_server_redirect_uri VARCHAR(256),
    authorities             VARCHAR(256),
    access_token_validity   INTEGER,
    refresh_token_validity  INTEGER,
    additional_information  VARCHAR(4096),
    autoapprove             VARCHAR(256)
);
drop table if exists oauth_access_token;
create table oauth_access_token
(
    token_id          VARCHAR(255),
    token             bytea,
    authentication_id VARCHAR(255) PRIMARY KEY,
    user_name         VARCHAR(255),
    client_id         VARCHAR(255),
    authentication    bytea,
    refresh_token     VARCHAR(255)
);

create index oauth_access_token_id on oauth_access_token (token_id);
create index oauth_refresh_token_id on oauth_access_token (token_id);

drop table if exists oauth_refresh_token;
create table oauth_refresh_token
(
    token_id       VARCHAR(255),
    token          bytea,
    authentication bytea
);
drop table if exists oauth_code;
create table oauth_code
(
    code           VARCHAR(255),
    authentication bytea
);

drop table if exists oauth_approvals;
create table oauth_approvals
(
    userId         VARCHAR(255),
    clientId       VARCHAR(255),
    scope          VARCHAR(255),
    status         VARCHAR(10),
    expiresAt      TIMESTAMP,
    lastModifiedAt TIMESTAMP DEFAULT CURRENT_TIMESTAMP
);
drop table if exists ClientDetails;
create table ClientDetails
(
    appId                  VARCHAR(255) PRIMARY KEY,
    resourceIds            VARCHAR(255),
    appSecret              VARCHAR(255),
    scope                  VARCHAR(255),
    grantTypes             VARCHAR(255),
    redirectUrl            VARCHAR(255),
    authorities            VARCHAR(255),
    access_token_validity  INTEGER,
    refresh_token_validity INTEGER,
    additionalInformation  VARCHAR(4096),
    autoApproveScopes      VARCHAR(255)
);

INSERT INTO shop (id, employees_number, name)
VALUES (1, 100, 'Цех №1');
INSERT INTO shop (id, employees_number, name)
VALUES (2, 50, 'Цех №2');
INSERT INTO shop (id, employees_number, name)
VALUES (3, 25, 'Доменный цех');
INSERT INTO shop (id, employees_number, name)
VALUES (4, 30, 'Коксохимический цех ');

INSERT INTO laddle (id, name, photo, shop_id)
VALUES (1, 'Ковш 1', '1', 1);
INSERT INTO laddle (id, name, photo, shop_id)
VALUES (2, 'Промежуточный ковш',
        E'\\xFFD8FFE000104A46494600010101005F005F0000FFE100164578696600004D4D002A00000008000000000000FFDB0043000503040404030504040405050506070C08070707070F0B0B090C110F1212110F111113161C1713141A1511111821181A1D1D1F1F1F13172224221E241C1E1F1EFFDB0043010505050706070E08080E1E1411141E1E1E1E1E1E1E1E1E1E1E1E1E1E1E1E1E1E1E1E1E1E1E1E1E1E1E1E1E1E1E1E1E1E1E1E1E1E1E1E1E1E1E1E1E1E1E1E1E1EFFC2001108016C028003011100021101031101FFC4001C0001000105010100000000000000000000000501020304060708FFC4001A010100030101010000000000000000000000010203040506FFDA000C03010002100310000001F650000000000000000000000000000000000733AE7C8653AFD597AEF2F40000000000000000000000000000000000000000000D6E7DB67A310062CAF6D6D9F7C801871D066DB3000D4E5E8C9D7CDE5B3494DABE8BCFB018E97B6939B6CC00000000000000000000000000000000000000213C8F4E6BD6F36B3006A72F45B13BBD7CC00D6E7DB0E5AEFF006F20004679FDDB3E870F9829369EF96023B87B291325DFC40000000000000000000000000000000000000011849800118498008C24C0000228F3B53A34F6CB002309300000000000000000000000000000000000000021899000218990010C4C800006923C8D1DF27AB480218990000000003451E79C9ECF7BD5E44A4C0000000000000000000000000004313200043132002189900000D2479AABD327B158010C4C8000000001C94D7C8FCCFA9F5DF4BE5FAC4800000000000000000000000000431320004313201AC796F37A7AF35F5EE8F372A4003491E68AF509EC160043132018C8F46A2354D198D644718911F3182154EE576D2B63AB359089BE52916D9ACCED6DD55E4000000000000000000000086264000862640340F25E5F534AD9FB77479DB091AE8D334D11D2E622364B6635D1A731A48D189C735D02EA4C8657C16AC8E7A6DE76E7BAB1D1D69D5F16F3BCDBE5ACD6274BAF2C9D797256A464E790567BBF2BD0A4C5DAD3D5BBA800000000000000D74472214EAD3B0900002189934D1AE8D2356639C37511E8D69689339ED072C17E6D7AB05673567356D9E93CFF004E7DB34E5E6BD1F06B239699EB6CD59D199F3BF4F8E2B5A7A0706F3386BCFF004E3BF9E889E7FA6BAB7AEFE56C95BE0B30923B67377CF9CCB6C59E89AE38CEB59DBA4F6FA276F1237891D200000000000034910488C9AF149F4D873F31AA8D298D73551851A935D589883553208ECF9B5D93496BB4CBA4E2E8CF5B69EB4C9D94809992E3BCF70F454B4C768C17AF09E861D1EB5E72266B8F4BA2D8E671CA36F1B15D289B26B922D92245A0CB1364C585858487473C96994061D1932DB28AD6F864A56F85262D33CBD03AF39DDAA000079A4D2195C335D446B1A731A88D6285D13D774D6033B74594EBE13D0736FB759D9A5B3D6D9696C95B735D3978A7A586457A453DA7C3F4ACD6913B5343AB96678FAB04A3B4891ECC79E99BB0BDB4BE19614D89AD6D58D257AB92379BBAF8CB244E42F89D3B577EB6CB1364C0A98CA0050C72C28C66EF4F36F69940F3F56C65A674E586C26ECB2D2AED9273C739E297A676E537AC00001F3A4E5CE4C0BD1911B4ACDE73B54B6D56DB549D9ADB3D6793F439FA6E2DBA1E3E9C76AE2B461B314B14B4746B46F057CEB6A4A98A26C8B5916A26A5E8ECFAB939E4DBCBD56D2F717A6E85E9D48D36BB387438BD59C9E4B8BA2447DABBD13400A11DD18119A273E5AE18B634602C373AF936EF9C1F375ED67A678674E48532CF80F4F8EE4F4F8EF972BEDC3D73B79C0000F089CF879A8AC04F656F6AF1BB8540305ABE6FECF268E5B562D58B5626F4DF0C86FD6D2F4BE8DAB1B6ADE5F1379717C4DE61B567BAF8E02529C5DB5A5C50B65523A34AF779FABC3EBCF392E2A508FB577EB6A0285931A3D5CB5B46E4C5DCDD1A79E98A635A561BFD5C9B57CE1397B36A97D886789C90D4CE9C47B1E65CAFADD37EE234000004256390C6DC751B159CB13CAEF9DF6AF65CDA61B4EBD9AF68CDBE30B2F41CB6E631E9CD0CD139227319A2729AD31255B50A0285A5A5B31435AD595ECE28094CF0F6D6BA54B4A0315E9A9D9C3979BAF7F0D6B2A9423ED5DEADAC28585931ABD5CB5B46ECC62E6E8D7A696184B0DDECE2D8B521793B77696CC9BCC948809CF8AF4B82726BECB5DBA88B800003C772ACC79BD5BD49C72C72E43A29157AD534BDEE2F263A39A0E5EA79690FCBD771585C91506B4C5E6689142931696961435ED5DDEDE18694DF0F7569716940597A47EF867CF4DACB51531982636E26A50B4B0D1EBE4ADA242635B97A71D2F8D3826319BDD9C592D58AE3EDDEADB299E26B4CE4B6A777D9CF952000001A749F2FE74A726DBB9DB0CAC34ED1A1788BBC436D595ADE5234C9D9C7CD4BD472D22F93B2A0B8AA6A01A935C89CB12288B4B663196986D598EEE0E55337C3DD5A5C526050B4D798CB13B513531CC6B4C6E56D4285262D31CB4BAB956AC8CC69F2F55297C06098B482A7AC5A6B4F1F7E19A2728CF2EA3AE9D5F462000046E531DCF78EE7BD32B54A1AE69D91F688FBC593131499CCEDBD49D4DF584F4FCFE365E9D95E3B93B6A9A952A56000D3B549C90A149588C6592C53598EDE0E6267A0E1EEBE97A140014285C6398D698DDADA850A16CAC46398D4E9E7A5E9BE8D1E5EBBAB6C26098B485CFD4C72E834F2B6E272C4E61963DD7A19CCE9980071BC7A61E4D2B49A0280A10F746DEB2B5995A4EF52756BD79273CF38534D20FD4E2E22F5F48CEFA7C7DD6A2D001528541AF3196273A6D31A3196CB0DAB23DBE7F3333D0F0F7569714026285042C96BCC6ED6D42850A4AD2C46398D3E8E7A699CB4A2F93AEB59D5968DA35667165DF64D272DC7BB0C8678598D3D47D4E5CF2000F3FE3D3370EB6CA850B0D595C6D437EB3AD4EBE6778E3B78E6BA39FD6FCDEDEBEBC36DAD1DE8E3C07461E819DB4F8FBAE3226B0A95001406A5A32192271A2C2D9609AEEF7707369E8B8BB6B4BDB31405931AF68C76AD2D5D384CE7A5F4B8164AD45A592D498D1DB1BB5CA7A6BC873F4E5ACECC4EC27534A6B67E95916DD7972517C72DCA46D2BE9BE8F30000E3329D2F2FA31CB5A5921B10DEACEBD7AB9FDEBC8F4D39EEBE0D5BE58A2D8F2E9F40F3FD2F51C78686A773CF7B393BBA5ACE1EF02A0A9400A0040F4613D96986B6B1364B52620E3D38CBE1DBE7CD7CE707D18596ACD5A8B576656908419DED674F8BBB04C6A4D74AF5D298CF5B6789DA86CC4ECD6242D9E3CAF488B62291115D99D3AB1A1A7C1BCF656BA26D9891DE7D03BB9C00046C3C97CFDBA8C2FBB59C35E98ED91BD3979DF679F8EF8E34DC8AA31A6371EDE8393D0F6FE2E6BA6BAFD53E79E871F6B4B5787BEA0A17142D9540050169618CB25AD31C9E1EFC7E9CFE836F2B14E7CCF5F2DF31DC5AB0265354DD36890ADB90E5EACD31A3BE1934CF44E8B9769CE4D515AC08A16CAD2D2D21FB72B3A72D123B935EC79B4C90B65D1F5C75FD5880001E19CFAF43C3DDBDD19CD75F174B7A70A8F0B9A6DCD2F9AD11627144E867D59B2E8F79F27B642DC78B79F3BF4F8FAFACE4E0F400095A58885DF1DFADB6F3BDF13409A1618CB65851033B6BCD66D8EACC43EF864B57D326B7D6F9296B297C39CE3CED6D148844739DF863E8A449D171E933C9A8A16A31AFA7376B490D2BB7AC537C398B67D018227061D19E9693BA5B7C276600000B0C68CE9039657E789A679A6A1448CA8BC45BD5BC7F67A8CF9ADB5BCF3D6E4E991B1C1E8242850B51AF31CC75F2EADABE9F08AE2EE169811AB31AD28FD291D336727BF1FAF34DDF83A9A65B50DAA467AA915A445622E00A4292E5FD1C367B72E7293D0F9DD5B9CFB6C6B5DBD6BBDA46DEB94CE996DA401E54A764B74690000000000001148E0E69991A48F2F9AE25B144DA9EFF00CFF47D178F327CD7B3BF61AF535E102850B11AD31CB757368DE9EB0717C9D78662E362276E276627622399EBE6DECFBB9FB67D0463D379EBCAC12080485B13AF1B6A6B5E7FD1E2AF6E1A19DFD7F2B4BCB2A4000003C814F485A5D2000000000000001AC8F97672C413427F9FAFD7FCBDAE5389E9ED81AFA7DB5FC6C33181182582635E606C186D5EFB7E789E1ECDAAB24456B1488456A723E9E133B65CE265B1BF45E6745402D8BEAB5C3AD36B5AEDE95DCDA923AE1312C08F31ECC549F55E6D80000000F1E9A7A545A5D20000000000000003C0673E395144ED23D9BC2F6B7A7960B7D7CFB7E9D9D3CFE872D76E276E2762AD9AC648844474D2528AD422BA69B59CEDE56149709EA73F45AD39826B1D653CCED6B5DDD6BB7AD7735CA4F5C64D206198F24B46DDEBEA595EC21E267C00000018CF2353D4169048000000000000000F3753C62680565EADE47ADD2E5863B5E1BD5E5E56D5EE7CBECC958AD62F45615046DE24A9230594B46E5671567046F13AD213D2E19FD29CFA7D00E9D3B490000008C46437D22189900000006944F9423D5D3BB3000000000000000022D1F32CE542A50EE783D2F42E3A2675BD3C395D73E9FC8EACD55D2010ACA36F1219E9A2D23F6899D7388E8CBA55B2EDCF3B31BC9F2852213EA89914EC80000000010C4C800000023A9AF90535F5FD3191B6600000000000000007CE73973A8026F9FB3D6FCCDAF522BD1C217A29D0F93D3B349ACB1D75D59D306B9EE6B1836A741A530EDCFD7A443132431326B9E7AAF247B5274D3320000000004313200000008CA6DE455D3DBB5E5B800000000000000003CA269E4EA0A9B07B1F87ED6ECF245FA1842F567BFE77749DDBBA46FED84B6994824431324313208626486264E611C7ABCAA7D58925A640000000008626400000010F0F313D9A400000000000000000E295F0C9A69A32171EA9E4FABD1E58F35E873F67D59F52B800010C4C90C4C82189921899301E76A7289F6B4E8A664000000000862640000001148E0D1EA2B00000000000000000060479B4D7CB558D4777C1E8F79C5AF05E8714576F17B246FD5C5C0004313243132086264862641C0ABCF1EBEB4313200000000043132000000000000000000000000000018CF3E9A70111A78F6EBF671FB6F4E3D5F074C59CE90C7684D82189921899043132431320E115E70F5E5A189900000000021899000000000000000000000000000001C5E94F3C84756626F1DFFB7C10DC3D1CD79DD36274D1D4F773FA7C4F69C5D10C4C90C4C82189921899070AAF367AF2D0C4C80000000010C4C800000000000000000000000000000F23E8CB8FF37D1B35C22AD1DEFBDE6743453CDEBF3CBC45DEBEF8743C7B5530C4C90C4C82189921899070D0E6D3EBB310C4C80000000010C4C8000000000000000000000000000001C4CD788873968F52EFC3BEF3BAA374A701D19C7EF9FAD79DD39EB610C4C90C4C821899218990795E7D10D9F4FB6F479D0C4C80000000010C4C8000000000000000000000000000001A68F2E5798DABEC5BD3A2E2E810C4C22A902189921899043132431320F2BCBAB9FCF7F74E9F3A1899000000000218990000000000000000000000000000000795ABCC5EBED71690AD843132002189921899043132431320F2BCBAB9FA6FEE9D1E743132000000000431320000000000000000000000000000000F3057963DA93BC910C4C800862648626410C4C90C4C83CE91150F5A9986264000000000862640000000000000000000000000000001E630E3A2FEE36CF792218990010C4C90C4C821899218990419306421899000000000218990000000000000000000000000000000795F3FA1C245FE81E9F2F792218990010C4C90C4C82189921899043132086264000000000862640000000000000000000000000000001E65877F9E535FA07ABCADF4889258004492C4492C089258892581124B0224960000000002249600000000000000000000000000000007098F6795537FA07A7CBDF4D227579B7CFBE592F416D6D8F3B66DB3D5E6DF25E805D78C186BB5D38566316571975A6AF36FB5D38000000002DADB1657CFBE400000000000000000000000000000039089F3757DA25BE9C74BC2F93E96E7573C977F10D4E5E8D6C3794F478393F9BF7E5BD2F3EDAD86D746119E7F74EFB3E564BD3438BAF1D2F27E870F2DF3BEEF53F45E10000000031D2FA5C9D323DDC600000000000000000000000000000039F4795A3D913209000000000000000000000000000000000000000000000000000000000C47368E9D37000000000000000000000000000000000000000000007FFFC4003310000104010106040504030003000000000300010204051106101213203414213035152232335016243140233641254360FFDA0008010100010502FC76D16BE16D3462B14CE5B5F9AB268005D059F044058963D049F0201226174DAB03AD0B036282CBFF008365A2DCEDE49C4701CF8FF2D95194826D74DF6E738069C6300F41E4CCD8E8CE14FA727079D3B727854B7DBECB7464A12252A9C7CDFCAE48B30D7E9C69666AFD1962CC18BEBCB315F1E4E23D5D9583727A31A599ABFE5733DA74E1BB4E8CEFB275DFEC3398F9DAB1B392698BA30DDA7AB72D0EAC49B476D898FB91B70FC2E67B4E9C3769D19DF64EBBFD85FF00B1B2DDA7461BB4F57683EE17CCDB3FF57E1733DA74E1BB4DF6C8E2ABB5568EF5F67EFDCF16193CC5D37FB1C87D8D96ED7A30DDA6F990706F88E3D1B338B12FD438844DA8C6C653DABA3C2FB5CA7B5B3D3F55645136972B38D4C8DCB85E40DDEEDFBB52CFC77369B69F26CBF55645476AC8EA3B4C5755F362317FBF99ED3A70DDA6FC8FB7ED3F6BB3FDDD5EDB718E00B7C471E8D9AC58959CE62CD5F23F66865038CA7FAB99176B0CEDFAAB2289B45979CAA6632F1113259094E592BCEAB52B1662D87B4AE63495421C3718DB0A357C4D56DC9E537C455016BF85ACC984365A3322B37363F565FCEE332D1347CE1A34253832AA584EE7F52C162011AF7034739C5602494FD0CCF688B6AA85FE258F46CDE28529ED1625A38EDA4A2104F6AE9E9FAB9176B0EEC4DA4C81E19C031307871B42ED99E5DECCC197345B116DD3616C26C195360D581C2ADFC97D9CB49E3529E3AACEBB63E9B26AB5993084CB1BDBE659DF27A2C09043A32BB559662C8AC5515F1444F915663E24FE1D579D800DCD69D3C8AE9E3AAC7C19A51FAAEB6B6982B928826511B3A8886B17936AD5DB2F5B51DEA84FE916DD414B2B7A99299B49350937C6F2192063646DABAECBF56A36D55A797EA8C8A26D065E6F2CB66C8CC7CC3ABBF117AE4354683D81AC745ADD98E0947060D3118FC7DAAE2A55FE2F1A1559356032C841A14F27FEB58CEF2AFB9EF724194AC0195E0F3B2592FB59314C95437A63078FB2E9EE5B74E6B6EAAB9B9511A905972A09A2CB8568B8570AE14F05C0B817032A6CA1F558F3B4CCB87CB95C4980B93265E6CCEEB5433106B0A62D8AFD7736ABC3DBFD59711369B23367DA0CB236672856F8864118E736F13F2CA5CC088D5EDB0AFE6F2B5AF8A9D4A468470D594715559350ACC9AAD764C1132E18ADA76D713C0EC9996CFF00B927E5CA18EA74B1A3833B665EC8594AE8195CB829D7CAFF00ADE33BD99DC565EE1DD39CCE9E527DDA22BF2C17A5C55A04720F81341D30DD72DD521EA161E8B4F2E065CB65C2CB45A2D168B44EC9F755FA21F513B8664C994777890F1FC924E35C326583666C6F5ED309859DDDC4E988E81A9A71C5DC928E1AE3A8E0ACA8E026A380827C257843211803158EAF549539C0833DCAC9EFD664F92027CA0D7C4D644F33D6B3563253AC255C30019EC99D734AEB8E6BCD68B45A7965BFD771BDE986EE76149305D72572572595F8694EDF694170AD169BA8FD85A2D373A9349DFF00CA86C49CC9071C9D3A7DD5FED47EA7FBD14C997FC7F262346648EB158EA992B609C3241962EC73321D7B6C07166BA305DFF49650E03C1898CF366F35E6B45A2D141BCEC76FA2383897225AF8792F0CE9AB2F0E980CB931458332CBFF00AFE3BBDD3E6D169D193ECAE76B8EE9A1F63A1D3FF2AA7DFB8FFB877652932775E681DBC7F96FB91D13689B75B970576DDB19EDBE858CA5309B68C70CC578ECF9136006BE095998F4F964A3C75AD3E6CEA597B8E9F2375D4ADDA920B4CC393CDAF666BC202604D356926AAE9AA26AAC9ABC53062CAF47402D168B45A2D3A0CCB2FEC38FEFBFEF4962D28E4BED5784622E8C7FD85C515C4CB897CCBFEB2A9DC5BEEB8593E89DB70BB78A1FD51DDC2CB4D16788E3A30B0541AD7CB1D99A87A98EF43312D368E8BEA174E9D6421A1B85703AFE1F751FB57FCB2791FE745A2D3769BED0DCA10CD891F40CB382B763058E62C4BFF7A66EDA5978962297C9C4B592F9D11DA10A827803862B46E8FF00ACA9FDFB1DCA927DD0EDDBE9128A64DBB1358766E8843147D12DA00DF2B8C9643295680C119B69BCA18CD11AB0912D454E1224EB50B4547C74815AA0FF00C194F2BF7BF8F40A37E2092258F43A7DC547ED31FDF7179EB25F3AD26B817032941B4E5A1B6F24E2380E129CFA5D3FD4CA97DF3F70A49F7318AE3818B0607D114C9B76CEC5B83AC9781153BC67723C8A9B46DDAA23A9921053B68932910EA108838A40A800EEB50E602B76F98EF6CF987D130FE611C648F322B89D6B34FC69DA4B854E2CC8FDA63FBE6F434DC49C4701C2539F53A97D4CAAC9872797111493EE30DE25841DE426F959326DD8583C319D3F1139C92F9DF76AB55AAD5642525014A6E2A32742AA182FE116C046C02B1A09D69A4B33DD13CEAAD5997320B9915C6EB522FF0022E192E5B2E5C1183E6124491DCFBCA8DDAE3FBEF449388E0384A73EB753FE755535245DB49EAA651B29591A9DBD178834998F36714D9E2CEC993233F08AB8D835FA6F47919F5AAD56AA538C573F54C2B2443A828A6D22C5B211B5ACF571ABB9DB4444314CFB306E6514EACB68F99FBEDF363B96C9871DDA7A061BF1067CE8BA74FB8C8BDA63FBFE994E2C9EC09973F5452944311F8C90971F5BBB329984CA6783CA338BAC63EB393DA991A9D9928E3E6A38F1B2B94C3C30A93D2750B18D6FA241D53579B3C19E2ABC5C96FAB6A62F116AA53665CED5D87626A1546C999A2C4B02835BCC0C71B399B2446290AEA6DE4CB64CDA1B7586F9337F76BF9E33A5BAF335AF986FC6C3DF65F414AE9C9568D920ED064F214E7A33DC9AF1049382B31570D08A8922C8D6670561AC160C4333E3EE12C838E2C9EC8594EF0594F2515F13E243994E9A99E4A38E9A8E3C6A352BB20F08979EED375DFE61F6EDCB86A87A311169E53AB295FC563F1F6E679C2B0D933345A6714178D916599F8853A66B862213BB8B45C2B854DBE565852F2EFC5F8A28FF00466BEAA6FAE27D67DF63E88B683ABF7C4DA0CBF4A657AEBD58F8C41B165C81C392191F849E6A1858327A83AD4E14ACBAF853CD1A844561EB859B90291714280A6ECEB45A75DCFAC4FA8F2E588C352F888667DFB3D17E675E5004C6661EFF001C878FCA597AF82A904218C50DBB8BBE1956FA773A7764FF0050A5C13A04E656456D619B58E7D711D4EFA33643CC76872519C65E817E998DB8803084BE284CC4B6CECA2EA75EB9A3185582E6C5939D39A49E5275E6B45A2B1DF3459DAA1EB1E38FFAFA1E4CC89681050214AA14728468E16C491F67053531F267431752F80BB27578A582C9C255B17939C6382D6387C7FC3C5D738C670084208EFDAB110D827676702E39AF993424E980475E1E4B92365B3D2FDAA7FE33BE4B13ED0B5F3DFAA9BA1341956B63B95C118780DCEECCA461327B6252B88B7E6C8B70F21B8DDDBFF6560CE468E384CA34EB4542038EED1D70AD1BA8FDF427C23C672E0A84E3179DDAF151F164942864C8D1C2C9D430941A21AB5832E8BFDE6CFF0069FD2BF8EA57A26D928C4A0D91AD17CEE06BD1C639489E527DFB365F3DDB511944F8CBA56A1D2EA6F16529C8762BCDF961969897B2675CC2C9308B251A67751C74DD3501326AB5995B008A46A50888555A76F94C2B4CDE8BA918514D6C7395A99447630E50C33312C0F118E8484318A1E8CDDE4F87F6EFEADA0C6C562C2422EFC29382C45F58ADAB1FED715E7079C593D8127B7052B734F60CEB88924D5C934D40D254718F31420D0C7C6B56828C60CBCD68B8570B6E97793FB34FBD2F7FD0F26653B20828DAE63403932A8E2AFCD878406A2C663C6C8E219C39AC6D7A36764B1803D6F4E5FCE1FDBBFADB6359ABE6F7D59701A8CF8EBACF0F9B8BAFCF6AC3B2CEF1A67750A1251A2351AF5E2A2D065F32F99635BF6FA6FCD5D963B1D48D2B14B7E5AF4A9E52FCBC3E3F0C5F128AECD76772BC142C14AA3572A450C458921E129B20E3E887A0F290C191CFE5E12C1E7F25648293C865084AF821C074FD22CD8639FDCC741A147FADB795799477B793E08BC75D11B8A1447CCD9C18B974A1C4F1D1345BA71BDBEE312228D5811A73696BAA9185156322367F152A86019DEA0DE64BD8DA146D0035EB83D2BD42ADE5469D7A21DD86ED3D2BEFA51E28CA541F5A3FD6CB56F198DE8D9C2F9EEC770C5EEB6900FDAEAC6F6EEECCAC5C00635EC348A28E44C2D9FA1982D4860E2EC4A14465A55434C2A1190EAE3FBE8064F5EB1A2787AB86ED3D2CA7B647CABE33DB7FAFB495BC2E6B7E1C9C1662FAC50FCB237956EDF73CE0CA76C1051B9CD500E50AB178BB86AD0C1D6E2F86D1165F761BB458FEED1CC200F2B62BF3A85908B2356D02D445EF7EAE1BB4F4B2BED6FE55E3F4FF005F6FEB796FAD2E1352971D74DEE790945A75496641853CB15430A7921E0E8B3068D30EFC37688BEF7BB0DDA2C7F76B68E3C552CF922C63CFC201A2417BDFAB86ED3D2CCB33E37859DFFB1B5789B1940DCA76A915A5B99608BC75D5FB90A791C042ACE3D786ED117DEF761BB458FEED58144E1BB071B846E6B75011AE017BDFAB86ED3D2CBC244C7F81B708FF0064E111C795D921115FC75CA24E25B386F9A458456D14A253D105F79E1679AE2EAC37688BEF7BB0DDA2C7F77BB39068DAC1B33E450BDEFD5C3769F87242048657656B1D4E85BC616D10DAE3A52958D9E2B38D5AC8D1AC8FB4F8C1CA3B5D1E3C7E568DE6DD86ED117DEF761BB458FEEF767F5F1381F7142F7BF570DDA7E2321B474AA18E635EB47D157970928CA437CAF89397814DB48C2685893C96CF78981161BB445F7BDD86ED163FBBDDB41DC60BDC50BDEFD5C3769F88CEE06EF89935974E17E1E17695499655438EC84D6D3632BC036215216A956625BC30052A0CCCCCB0DDA22FBDEEC3768B1FDDEECEFCF7311FE2C9A17BDFAB86ED3F139EA42846C0BE414352ECED7D4AB263E650362244CB361CF42E57838EBEEC37688BEF7BB0DDA2C7F77BB6D06E558B8B86CA17BDFAB86ED3F13745CFAB63CE159BF7B818695B717DEF46D77E1BB445F7BDD86ED163FBBDDB5FDCE37DE10BDEFD5C3769F8ABCCCD3C7C59F258E6D29EE2FBDF461BB445F7BDD86ED163FBBDDB5FDCE37DE10BDEFD5C3769F8AC941E1631FEEB43B4DC5F7BE8C37688BEF7BB0DDA2C7F77BB6B63AC710198B2685EF7EAE1BB4FC566A4CD90C7CE32CAD0ED3717DEFA30DDA22FBDEEC3768B1FDDEECEC63F07E5C39885EF7EAE1BB4FC56D6C1A37315EEF8FED3717DEFA30DDA22FBDEEC3768B1FDDEECEFB26E17BDFAB86ED3F15B5FDC633DDF1FDA6E2C65F18E8C54650AA8B197C63762A32855546328DADD998CA787DC28CBE31EAE2A32855FC56D837EDE8B3B6571FD9A77666F121780E7124374E4D0888B12B2F101432C088C51861228E2524E2384AC862CCECEC8A480E222409153B0184BD4949A311186497E2B6923AC1DBFF258FECD121124689210C7633B1DD72239D6A52D4E8E36846A3B4AE65E117A67846392BF08CEA90BFB41B4586AF341C78E8C9A0AF7DDF5092680F1D178D5FC567B4F065676BF8EECFF00F8D28E0584B09539B18B463F9BFFC4003B11000103010603050605030403000000000100020311041012132131203251142230404105335061718123425291A160B1F03444D1E11572F1FFDA0008010301013F01F8749749E9F1BB3C0E9DF81BC31B319A568A684C4403EBAF0C71E3AEA029A2742F2C77159ACB25A1D462286C87BCE0631D23B0B775247829A83F16F66CB1C6F1534FFE7F9FC234AE9C1658DAF93BE74FF3456B7B9F254FF1AF0C2D24D411A75FFBD15B9CD75A1C5A74E2F6748193B6A683FE8DE382C0F6C7686B9CAD5870336C5AD69FC6DA7F458FE901E523F6746F607551DFE363C995169137E8BD7E23626B5D679090ADF460000F0478550B105882C61630B31662CC58CA06AB35FD51751632B31662C6B11E8B5E9F0BB0FF00A7957B4771C350B105885D5A2CC598B316622F2B138AA94D6B9DB2C97A7C6E68A94202456ABB3FCD3D81A69742C6B86AB2DBD161174973AF6EF754273853CB5557C3AAC41620B1858C2CC0B31662C699239A080774F7B9DBA2E5DE2B03FA2CA7F4592F590E584875CE4C85A5B52B259D165B3A2C2104FE63742E006AB359D54AF0E1409AFD3658DDD16562D4AECFF34D8DCD14AAC0EEAB2FE6B29A9ED036BA31A2CB6AC96F44616ACB6AC0DE8B02C0550F92AAAAADD5A2CC598B316615985632B1A0E585CB094451643D643908717AA0CABB0AECCD5D9D8A485A0697C1EBC1887559ACEA837155D7612ED934BC0A517E22A49D56077EA423AFAA6B035610B2DBD1507852EF747B5F8560445385DE06258CAC65632B19588AADE0A93BC9A6889AA6303B772ECC3AAECCD5D9D8B259D165B3A2C214DB5E6E7108398DF541E332AB3DAB37E48B9C46D7B6377A15947F52C91D564B16533A2C2135988E1523703CB51B388E36BFADF454402A5D454F0A5DEE8F6E176EBB33FD13A3737717BB7F00EF7D161442CB7F45932745D9E45D99DD5765F9A36514DD35808AA8A38CB6A56360F559ECEAB3DAB3BA0598EFD2B149D116C8799168580230B4AC86AC9674581BD152F3B5EC1A2A2A2A2A2A28B9C29FDEB94FEE63E16F1179598566A69A8E1939AE8F6E102A54B212F2426DAE66ECE4DB5BDDCC0159B11DC109D96468EF01DBF0B788914500A8592CE8B2DBD1611C276B88545454545454544EDAF8F947145CE14FEF1CA7F751FD385BC4EDEF8F97864E6B99B7014CDEB7C7B782353446325649592B24231AC2E1B2CC97A2FC658243F99651F5722C596D508D551615856158551513B6F09DB5F1F28E2792D15089A9A951C8E78A38EDC2DE276F7C7CBC2FDEE6EDC0ED91D23714405853050782CE74380F11BA0E6F0085BF82EDAE2A3E51C4F1514592A3661E10389DBDC5336E176F7376E07A93900F0E955924A6B69C14BAB70AAC1409DBA0A0E6F048435F01DB5F1F28E3A788EDEE299B70C3678A98A89F6689DAB9BC2EDD4DE83C00D2508D068E2AAAAA2C2A970D4276E82879FC221578DDB5F1F28F26FDEEA550D386CB30C342AD3380CD38772A63579E26B414001E0D15104CB14AFD694FAA9E030BB0DCC520A3905173F0578A8884389DB5F1F28F2726F78BAAB104CEF3A8858AA3746C47D11D0D3823E6E38CF814405532C529D4E83E68F648B99D88FC90F68D3489A1A9D33E43DF2A7EFC0C7F4D2E6EEAD03BC828F9D5153C2215785DB5F1F28E1A858DAB342CE4251EA83DA7C0AA78A954B85550AC2B0845C23356AFFC946D60A6E9BED1888D563A9ADE4E886809E30687882658A522A741F345F6388D0BB11F9277B4DCDF72D0D524D24A6AF35B98754141DF81ECFBDF38EED5051F3F8B2835D137837517B3610312EC31C8FA6CA4608DE5A3D2ECC2B1B9171E26EF755630B342CD081AAA1585610BBAA418B6589622AB73EE08703B467800D6F658E570AD283E689B245CCEC47E49FED27B4521686FF74F7BE53591D54ED0855555540EA82B0BA92807D53DB85C5B7487B882673F922ACEFC5102A3347D53DD89C4A3E0B41AAA1463AA91B84DF11A2C4557C07A2820E1C12EC0780CC27D51ECB0F3BB11E811F6896E90B037F92A47BE53591D5B9D73F8587451BB09AAB737F16BD75BB7690826F37819A50942041F00A86D4E841013AD25CDA2AAAAC2A8550A11B8A1015903D4ACB605DD0B1AC4554A7EF7C7C2D8DEED823091CDA2FC21BBBF659B10D812BB49FCA005239D21A93752A802D350B3CFAB42CE67E8FE57697FA5022E738D5C6BE0814E03B5CF541755620B1A123C6C8BF3ACAC93A6973774450AFCDE01B9BCDC15555891928A27E270050B2B00D9189A5D868AD7188A6C01615DD5882C6B11553C6FDD4868DAA69A85044F7F28462C3CCE03EEB1403D6BF6FF00959F18D99FB95DA9FF009683EC9D2C8FE67154E21E4E89CCAACBF9A3185842A0BEC071452C5F7B82CB6BA1AD35507B36273731DE03B7B86EAAAB750AC2B0AD139D85F509FED7908A345147ED0734D5C2AA6B41B44B8CF84013B216693A22C63799E3FBA95EDC5DD52F226EDE28F37ECF7E0B4B6BEBA27B70B8B6E85DDC2146FC1673755555556EA2C2847554A39681620B1AC6554DEEDEF66FC2D8DEED82ECCF1CDA7D55216EEFFDB559D00D813FC2ED74E5601FCA75AA63F991D77BE514623187B457C51E5DDC18B090E1E8AD9AC98C7AEB74668AD32FE08010902A2C2B0AD1620B1AC6502781C689A6A381DBDF134B9C00460C3CEE03EEAB671BBABF408DA221CACFDCFF00C2ED8F1CA00FB275A267F338AA0E029A6A9EFC28222BF0577083996463BA69737752F3DD8D623C43829D6E009D90B34A7D13E36B399E14AE607686B7D153CC8153409CC735D84EE882D343E5CF0D80E28E48BEF7053735C38C26C6E76C13ACF23455DA2C10B79A41F6D53E483F2D4A8E731EC07DD3AD939FCD4FA689C4BB98D7CFC1EF1BF54FD6D7F7536B23BCC1E0F67BF05A5BF3D13DB85C5B74DBDC36BDB048ED9ABB2B9BCE40FBA26CEDDDF5FA05DA201B309FA942D8F6F20013AD53BF77954AEFF04B3FBD6FD5375B5FDFCCBB82B87BC15B359318F5D6E955426BECC00A927ECBB5463963FDCAEDD37E5A0FA04F9A57F338AA0F10DE3CD0716EA107B83B17AF992385A732C8C774D2E98D0A681BFC38F9CC37D83BD1C91FDD36CD2BB66AB6C462231207A26E2F5F227E345A9924B0BF13374D7195A4CCF2AD0C601DD5673B8F247E345C10474D53862089A264C69AF01B4B46CA298BDD4F10FC69CD42807A0533ABEB54CDA8A5003CA1138FA279C2345A9154E7901451B70D69E2969A62F44D8DCED40F8D1B89A050F79C4DCF156A6B5D452B4809A2829E2D3F02BF3562F752FD3E3927295671DDAF92FF006BF7561F732FD3E38E18851345050792FF006BF7561F732FD3E3A3C9D4FC6DAD2E7502922747CC87F477B37DE1FA2B70D0A1FD1DECEF7DF656ED8A1FD1D603F8E15B5CD20D10B8024D02ECB2871691B27B1D1BB0BB7BDAD2E21A14913A23475DD9A5EEE9CDB29217C74C5EAA285F33B0B0210BDCC3201A04C63A47616EE9B6595C48A7AD3EE8820D0DD1C6E90D1AA48DD19A3AE659A578C4078AD6E2340A481F1805DEBF0B0E2D350AA85CC7BA3389AAD91B9F6A796B6B4A7F6FDD7B47FD4BB5BEC8E7B25063DD5AD948E32451DAD7D3D74D2E8652E303DE7F52B502D82269DF5FEEBD96F709C346C7FE0A85EE7592469F4A7F75627B993369EA47F74C87F1DF3115A134A7552171712EDEEB1B9C1C43456A0FF815B9CD2E681E800BAC7C911FFDB5FD3FE7CFC58D85EE0D1EAADCF0E9881B0D3F6F859B87F47D3E3BFFC4003B110001030204050203040904030000000001000203111204102031213032415113142240500542606133435270718191A1B12434E1F0C1D1F1FFDA0008010201013F01FA743DFF0086586205C4F8FADE2710CC3C77BF4CB27A62B4AFF0504ED98123B70D324B65006935F0A099B3C6246EC7562B171E19B73D03429C28E2B683F89D1248D8DA5CE3C1472DF505A453CFD5BED5865923368A8FEFBF8FFBDD0AD38E8C5CAF8E3F80713FDBF358363591507F714A9D33BC01420D0F8FF8E2BECF63D9866878A1D5F69C65F8675A2A7FE46BFB4A374986735A38AC25F7BF7B7852B5FE7BF1FDD7BB10E0694FC20EEAFA94A487B54353F2B45454545454CED195151532AB7CABDBE7E9737E91AA0D74CE8A8A8A8B82E193E563375EEA351CED90D02762C034A2F787C289E5EDA9CB132B9AEA05EABFCABDDE72C377C866ED915695131D76DF44A2A2A2A2A2A2A22D04A0005C15ED1DD7AD18EEBDCC7E57BB8D7BC6784D75CDAE414B897871017B893CAF55FE55CEF2A4DD43FA319629AE73F8042193C2C3C4E63AAE4E80935AAF43F34C7582817AC9F63CD48546785C3C2B8A61A8C9E78ABCAF51CBD672F50A323BCA6CF4142BDC35091A7BFCA004EC88237CA8A8A8A8A8A8A995555557BB8D0C5B4EC1498831F64E9691DEBDE3D7BA91413B8BE8ECF17DB458E3D97A321EC986D6869CAE0374E85AE71355E8C7E57A71AB63F08DBE1172B95C557951ED949BE74C8E8048D942E2E1C791454545454D5879BD1AA964F5100A495CC3C1A8E35DE17BC917BB957B893CAF55FE55C5613AF33B651DC0ECA4F524EC9CC261B57B57AF6A7CA6401AEAD7392D76E17C1FB2AEFC95E55EE552AB4354D35154E92E71195557271E747D3949BE93BAAA055728BA79B508CF18EE8E2A2F2BDE468E39BE11C77E48635C4ECAAA79656BE8D5E9C87B2F6F2F85ED645ED1DDCAF6A3F697B76794C6B187820E5715EA157957B95C55731BE6E3C5555555555728FA42FBE74BB7D41817A617A49C2869A63E9C9FBE9298C01A0230C67709D85676470CEEC53637876DCD9BA75341AA90D17A8E579553A46F902AAAAAE572AAAAAA6EF9BFAB5B3A42FBC74BB7D4DDB393AB4B3A727EFA0A02A6999E4B9C1A2A51C5302F783C2F787C2F74E4D9AA9CE6BC517B78BCAF4610AC887DD5F00FBA853C2AA94F055572B95CAE55554DDF94DDF37F56A60AB9052B40DB4BB7D4DDB393AB4B76C9DBE872845640AAAA8F267E94FDF430F0CABA065374F201A2229C96EF9BFA8EA61A1AAF5948EBB4B8EA6ED9BF7D2DDB276FA1CB0C3893CB73DADDCA762DBD93E52ED01D45525067940D1195A107D4A08A9BA7920A229C86EF9BFAB5D798CDB37EFA5CF76C848E1B1D2E5871F0D790E998DEE9D8BF013A67BBBE9A2B50015C0232F845E4E4C286D94BD3CA0511ADBBE6FEA3CA08FE5C8674E55A226BA5C135BC749510A306A9A6734D02748E76FADA322F45E72B8206B931466AD454BD3C9AAAA051E1A9BBE6FEA3F271ED99CA8AD28B480AFA2BC69DF5E29BDF551540576570EC9B8799FDA88605A3A8D5358D6748520B6439337501E08A93A55557940AA696EF9BFAB4D0AB0AF48AF45188F6458E1C8A261A055C8D15C15CBD4519BF75EDC928C0E089572AA71510ABC6B95B7373A2E0AECAEEC1370D33FB513702DFBE6A991B59D2323962851C1D9C078E4FE9E6C44538A76809D3BAB45EB39A156EE390882F4DA8346A76D951585088AF48A228AE0AE57ABD326B55EAE2AB961B63914ED1871F1721F1DBC55D95C1370F33FB513302CFBE6A9AC6B3A46BC536B19CE0E2464FE9F9209E3E24EDB21C971E0AE084B451BEE19E24D28AE2ABC8C374E453E22068C30E04F22461E29904AFD8513702DFBE6A98C6B3A4681A484E15144DDA99406872774F23D24622882390139972B55A8355CAA15404656846708CE519DC8CAAF579571586E8CF15B8D354013B042090F6430AEEE50C2B7BA635AC14199008A1470CDECBDAFE686198800DE039E34515116853B2C948C99BA06A11DB9032774E8A2B55A8475463A05EA155E154CF89972BD5EAF57ABD5C75E1FA140CBDE01520A38858B3C420D73B60861E428610F7286163EE9B1B1BB0F9BAAAAAAAE8C7378B5D9051B8D5498870368E4376C8ECAD54CAE0AE572B947C588615BDD3A00764E67A7111CBAA11C8766A8185ACA158514942978BCFD2316DBA128651A78ABF2A2B55AA99555E11968AB56D55CAE57ABD5C557283A0673741D35438EC84329EC8611FDCA1836F72861E31D9014DB2068B0EE2F9455099D148E23E9045451014E1943BA6B2AEE28C655C15CAE572B95EAF5238D55C738230EDD4AD0D770D108F80673F414039DB0430F29EC860CF7721848FBA6C31B761A47129EDB4A861F53BD1114344091B7D2B10DB663F9E4CDD376C8B95C5574C9BE60555DD9A9D5EF95C132373BB289A6DE3CFAF3B640822AB7F9CC7378B5D90509AB7276FAE4DD5426FC4782F4E47706B5478678EA4FC3B1E861A21D90006DF3EFE929BFA24DE91F398A6DD11432C31AB727F51CC90854EC108253D90C1BBB95ED18774DC3C4DD87D164E92BF55F3B4AF0405386585E9C9D8791CE2860CF7721848C6E9B131BB0FA552AA8294F9EC436D98FE79613A4FE0EC737A5CAE0B05C41FC1B54E635E28E56861F802C2F1938AC737677E0C11929C69C026B6E340987D37A680E142A6C20AFC08E6CC03CEE56230A21656BF819920D93B893B9510A76A27AC3B9C626F04EC4B07DEFE8A16091D4288634D28A38039CB133C97D2BCDAF645C07D71A2E700B146C6068CA275AF053E48EFA85867B5CE253DD7389E6FDF537537EB432C38AC81639D57D3E4BF58A6EA6FD7237961B827BCBCDC7E4BF58A6EA6FEE2C9A26B83B6FC1F88E950FE0FC474A87F07CFD0A2073240152863212D0E077DB7FF000A391B23439A7866F70634B8EC1453365156FF008397BB87E2F8BA7751CCC96B6F6534F1C0DBA43409D3C6D90464F12A491B1B4B9C7827632168049DC57BEDE50208A8CA595910AB9452B25156E4FC5C51BAD71FFBF9F8E6B9C1A2A5458864A486EE3E964574491B646DAE1C1606563306C0E75B5AF1FE7FD17D99FED59C299E3191BE1709365827D659034D5BC29DFB71E394F1063710C60E02D58421F8999EDDB87F85F6BC6D3862E2388FFD853C6D6E362701C4DDFE163A36BE075C3607FC2927FF004F1C01D425A2B5F1451868600CDB2C735858D2E34A107FFABECF639AD797777139637F4928F36F0FDAFF00CFF4A7364788D85E7B2FB3985B0073B77713FCFF00773FFFC4004D10000103010305090C0902050305000000010002031104122110202231741330324151718191B323335061627273A1B1B2C1D105143440425282E1F093A335435392C26383D2246064A2F1FFDA0008010100063F02F074269809DB5F5A3A2131B8E246AD63C37BA3F566D6EB9D8D28D08915174DD20F11CD0031EF27F284D919A8E75E90EBD406B29F13B539A4204EBA2BD4C6E9F86617BCD1A11058F611F987858DD6DE006038EB5E4FE71AC75E67736B8B8E0282B4F1ABADBC71C4B9B424E680E6C841E36717562A36BDB75D4D59CFBADBCEE2A0C758533DB816B091D48732FD27E19923582A793A54DDF372A8B97EBC98EBC7C2CD746684CD137A0C8D07D4739CE90D489A56F4091C07A866DAE688DD7C70BDCD3C840DE26DC9F75C184D08C1D86AFE7ECAF318EC3070E30689CFE3187F3AB35CE90D489A56F4091C07A878599B4C1DAB739FB4CFDABB36DFB349EE9DE2D1E89DEC567B5C5696C218C01DCA28A670D45D9AFDA67ED5DBF34BEA6F1C004E1B8C1AFC6B805AE00177263E0666D3076ADCE7ED33F6AECDB7ECD27BA778B47A277B10E64EE8CD7ED33F6AEDFACFCCEF823CEA61E267C7C0CCDA60ED5B9CFDA67ED5D992CADA558C2E1540EEAF6892CE6F35A68D5A56891E391EEA84C71D65B5CE9FD1BBD991DD1F1CD7ED33F6AECCABDED681CA57DBACBFD50B4ADB19F374BD8BED7FDB77C95009DFE36B11BB05A09E2A803E2B0B07F77F646E58403E392BF0584166FF0069F9AA3444C3CAD67CD5DB6BCBCB783A0026E1E34458E5B951A580F8AFB47F6DBF258C501FD07E6BBC59BFDA7E6BFC3ABCD27ECBFC2DFF00D4FD9323FAA5A9A5EE02A5A29EDF00336983B56E73F699FB57665A3D13BD8A23FF00C7C9179832D659A38C794EA2FB7597FAA1695B633E6E97B1490C769BCF7B0B40B8EF964066648EDD355D5F60FEEFECBB8D8D8D3E53AF7C9778B37FB4FCD55B2359E26C63E28B639CD2FBCF7B6EB2E24F12719BE929E37720711EC5F6EB4BBFEE157E26D42FC03A56EAF734E34C135E66A5E15D4B199DD4B73889C155E6A539D2461C6F517786752C226752D49A452BC69BCC8E51CE8732C5ED1D2A0631E1CEDD5B80E7FBAEE8EAD2A061E3344488AA07294C81B65D279A0EE9FB221ECBAE1AC56BBC336983B56E4A4B698633C8E780BEDD66FEA8575D6C61F34177B1122D05DE20C29CC745683DDA5760D1C7238F2F8D1B9679C9E2AD02FB07F7BF65DCAC91B4F94EBC9D118210D78BA68C3F35BA9A6859CFB11A71D54822B45A0301D102523057649E67B4F13A42562B12B17AC644C8284BAF6BAE4B2600D49D698F732A48E55DE02C206752C2360E84EF4D2F68E5373E437E46B74B8CAEFEC42384971BD5D498DDCE524369C15859DFD253A570BB5E2AAD6AE46F0056BC15F687742C6694F4AC5CE3FA93C8E44DE64ECA0516353D2B80D4CB398345B5D207E0855B28F1D11A4EDC3970FB95D96D30C6791CF0118E2B5C0F797B281AF07F105A5C4A23C9284E7CED91C1E682E05DC6CB23FCE377E6BEC1FDDFD9772B342D1E554AEF566FF69F9AAB1E19E26C63E2A9BBC98F23005F69B5FF0054AFFD44F3165E6D6F484F1842ECEE73B8F45615422ADDAAC652897C84002A4929EF8DE24BB2BC1C7CA34F52741B98B9B9D7D6B089BD4B08C291CCD121A9FB3FFC575A9FCC1998BDBD6B195ABEB0D70BA0E4B2DC15A55323107045384B08E30B8518FD2BED07A1A8F7793BE3F51F28AE5E758B02E0356ADE9EBA13B2EB5AD618E61DCE4732BC8689D24B25E37A9AB789ACFF0051AEE6F2CAEEBAE8799610D9BA8FCD51BB8C7E36B7E6BED5FDB6FC951D6C78F3747D8BEDD69FEA943769A4929AAF3AB95927E5355DE5E3A50B45C240787510BB14950EAD0A04DA18D77E52B855E85A8AE07AD77A0B08DBD4B8213A9F9D9EF05882323398E47C7250B1EDBAE1E24F6598BB4CD5C5E714E9CF7BDCE95E95C25C252307E2144FD9FF00E2BAD48E60D2D4B5AE19589CA5E38935DCA13594E066BBD23FDF3BF3F9D7404ECE2CBE2A1712C0E48F0A135AF5EF16A68E37DEEB15F8E5D792EB5B8AEF0FEA5DEE9D2B1B83F52D2958B4A6FF00EA9CEBEE341C8A3B447DF0BE8536495A2F1E52A9BAB001E35DF42E113D0BF12C19EB5830268706D3758FDF0AF35A2AB18C212C628E0B86B86570DDD6B5E649E80FB175A7F3E73D47E6A39AEF4B27BE73B0790B84D3D08368DEB575D9AEE7453B39CE2062568B88E94E9ACC58F0C34BAE75095766FA3E7FD2DBC3D4A381B7D8F2EA39BA8D38F7832F14CC0E18747C337FEDBB39C0B9BAB9531AF1517D533DBE963F7C64A8DE65F407D8874A3CF9D22679A9D9AEF4B27BE7786A2B5E61E74E4EC9AF2BDDE2CB2FA63EC1BCBE02F71959ADA1AA1DC416491BB5BF93F945A5696F405A5697752EF92A7343B51E3424A5702168C4C0B0B83F4AEFC7A02C6D1275A6B9D23CD7C69B193A37826470B2E8AEADE1BE963F7C6F737A03EC58F8D1CEBAE15056099414A8C735DE964F7CE4D7938256ACAD4ECDE94E47370D65CBBD550737E8FB4969D4430A2CB432E3DD21752BCDBCDABF4FBA174E65726A54395887421BC5D6D2A1CD70AF88D7E0AA2A08C1CD3AC1DEB72B19D334BE395BC8ACEDB43AF4E1A6F9473EED689ADC700B82B505AD17BDE405A6284BDCEA57555C4AD4B56704FE7CD6A7239AEDDA38E48E366A70AE27FF00C2AE451B18DE468A6F547482BC8312A4B5DF3131D4C38F52A6E923B9DD998AD2217728BA4ABEED6B45840E528C8E7D48E2081C8DE6DE7758A8251CBA9C390AA8A8230734EB69DE021CC874A3815C15C4B84B84726ACD2E79A04269850FE067E4FDFF009CF9C727427F3E696179A551A3CE75A24E3DD2E750FDF78D17190F90B418C60F1E2BBB48E93C475752C33349CB41BD6B172D1612BBABE9E20B46315E539246728402E8511F246F5BAC443651CBA9C390FF003055AD0EA2D3AC15C67A1701CB803AD712E12D67AD0439975EF65CF340109A6143F819F93F7FE73E79C85EED40273B94E6BA83076215299D15EA55D57759AE74CC69116E5296602A70579E4BCF946B9ED0D2B004AD321AB8378F8F255CF0AFB7565900E2726F3287CC193121709601DD4B08CAE0B42E101D0B86E5AC9E95A82DD62A090753872155150460E69D6D39E39975EF57DC6802134C287F033F2FEFFCE7DE8C7C5C68D39562B1785C6561195C162C6307A50398E3E251C23531A1B9CFD776D1187F8AA30CDC4AA46C2E5A4EB8154D5C7C6B0A00AAE78546691F12D00183AD56591CEE741BC630CB5E54C507A31938237ADD62A09472EA70E42AAD06A30734EB69CE1CCBAF3B1705C30B46391DD08CAE84B5838CADD666904705BF97F7FE73E8877567E2570C2D6B029DCC9D4BE71E258B4F495A4E6858BC94036A0F2A188011381080AAC1CE0BBF154249503071C83D58E7D9AD807799687CD3FC19312A8C6972C4DC0B4AAE2B0A058B91BB8F32D1D11D6AB248E773E63A3E9CC8D59FCC1BEC4FFA35C5B283492EBAE9238BE3D6A312B83A50D17C8E5CC247226B7018712AF0B5EB4D71D6726A0162F2078955DF58E958465EA91597D49C0BE06B9BADA1D570E85BACEFA103419F97F75F85CA5BEC6B2E378962E0B86B9560D54BE1BD0B41EE7F32C5B4E72B49ED0B1792B81546EB299A13514DCC8FC8639FF0F8E7CF67A025EC376BCBC4996771BB86B5A5A456028B172B96689F2BBC9154DB4CED6B1AE75DBB7AA570949535CE8FC78207972151F3AB3F9BF73BBF970C80726642CA13799C4B4621D250706600F10525BDAF7B9CEA90DA5312B4DED1D2B4A677429DB0971739BC6B814E72B4E4A7320C04BC52A570106DC52B6314186F5D0826027594C65D7349399687D34745A0F5D7E1BC17988B60DD6AC75DD1A1E2572CF1BA4772305E2BBA5DB3B7CA353D483A773ED0EF28E1D4AE44C6B1BC8D144C206A9813D4723F9B335E40E1C46A9AEC85339D43CDBC701722C0D77924ABD7D6BAAC1872C6E99B5A379568C6CEA5805A82D6B59CC93CD09EE79BAC636F38A7CD039FA26843862A53CD9B890B1902060B2CF2076A70661D6BBD450F9EFF009553775B701F98323F8A172D96818E37A853E2AD6E38B7D69EEB532F5345B8F0535D67B4CB111F985EF923B95AA091BE554143753043CB8D484775B6CA4F90D013DBBBBE673CD493F2DE0B1ED0E69C083C6AEC313236F235B4CC9D9131D23F468D68A9D61508A14FF356B5AD6A2B825625A3A56328E84195AD0651E728FA7789A478BC2204D13E46C3B93A3701871A6B83454C7C99712BBE05854AC19D6B83EA44E202A9355741A26B0E2D26979693C95DEEAB46303A32EBCF9B982A39B79AEC0857218C30191D5EB3452DE34C42E1AA45619FF50BBED409DC61E505D5211DDEDD21F31B77E6A8F64929E57487E0AF43678A33CAD6019B37A477B549E93E03EE74B4D9DAF3F9B51EB55B35A8DC383848310BBADA5CF1E26D13ED3643217464543A8705AD62E396EE5AD4D0D0A64403463AF3F12139CC3C6AEE005F7600538D35DFF4BE0B0A05C32B80E2B814E75A5200B49C4AE0579D5A23600D18528817389C1001D4D251301AE9EF78BC2B9107CAEE460AA7CD359A78DAFA005CC21101E0D1DD69ACBE1B595C3ADC55EFAB35C7CB25DED57226358DE468A6F5571A93C6A3E9F6FDDA581D809185A7A53A378A3986846651039192723A898DF2962E0B84B0692B0605C2A2C5E4AC18E2B834E72893201DD1E3A9C508EB5A328B815E75A2C1D4B564D672DA3CE5D09BE728FCFCDC4858C8156082698790C250BB64DCC1FC4F701FBAEEB6B8E33E436F7C90334F3CBCA2F501541648DDE78BDEDC8E8656DE638508503A0BFDD2FE04EA535A9EE7DF3339B873EF8028FA7DA7EEF2114A4A049F3F58CC0534E49BC917BA9092284DC038455D7B4B0AE0D39CAC5E02C5CE2B820AD167A96AC8EC7FCE97B47667D62389B23DCFBA03B5286D0F8B72748DA96E66E11595B2DFA17729E6534CD8CC9B98C1AA39CB030EE85A404C2756E8B1784DDC2C93481DA9C1B875A3DCA387CF7FCAA819EDDCED633E28EE8669BCF7EAEAA26DCB2C556EA25B53D798F7B197DCD6921BCA9D1DD8ACC7D1E90EB57258E1940FD2E29AE2DBA48AD391032C4C7D355E6D549B9B436B699B57A470F86F6E90EA68AE4840FCB5EBC7EEF0DA87F94EA1E6399554C85A751144E80EB8CB989C5C348E28732D79CEF4D2F68ECB53524E0D68D6E3C8B757D1D3114C3534720FE63D4AAEC98BC21143A72BB57894AC789039C6F69B748F8D0752A1C3514D7C618D7B750E23E2284D3457E5BDA41CE3A27908E6A23B8C11C75D775B4DE9BF5A8AFDDD5890B71B332E32B5A56B95FB4CFDABB7BB413FE9BBD8AF8382808D4636FB3EEF3D9A952F668F3F17AF36EE5B6C55FC61DD614A1339B3DDE9A5ED1CB12155CEA9E2035945F75D34F4D4C15BA3907CF8FA93F72B33A22E6D18F7E143CCA5FAD5A853752D05C6F1174907D6BBBDB2679F228DF9ADC6CF656496870FF3097B583F31FE63D646E50B698D5C698B8F2E4DCDD839B5050E9505A2021B3889A31D4F1F94FCF8BAC1A805A41A3D8ED6D3C877E7ED33F6AEDEED5E85FEC43CD565F42DF67DE2D0C00DD2EBEDE9C73020724FE36354CA3F3465C5C162F47EAF0493535DC69285DB288C1E37B80A7C53CBAD6C8FBB4A28D6DEFC650324D6893C45D41EA5678DB66616982526F697E28F972BF699FB5764FA47691D947937499E18DF1A718984308AD69ACA8DD2D6E5EC70AE089824BF4D6AD5B343EF4BBF3F699FB576F76AF44EF62FD287DE2CF6C03FE9B8FAC7C73014D391FE8829417051362B1CEEC06370D3AD1EE71C3E7BFE5540CF6EE76B1BF15DD3759BCE7FC934C56689A5BA9D771EBCAFDA67ED5D92CBB34DEF4595FB4CFDABB27D23B48ECA3C90E151BB0AFAD5D23995688C8D000BB456AD9A1F7A5DF9FB4CFDABB7B94115187B42BB4C3EF317D5E4037326AC71C1DFCF8ADCED113A33E358E4AAA646991A4B5F1F173A92DB6792FBA5E17934DE1FB4CFDABB2597669BDE8B2BF699FB5764FA47691D94791D13F53827B1DADB8211B712E7211371E53CAAD5B343EF4BBF3F699FB576F72B1A09269AB9D343A0203FF9D1F7A31CF1B6461E270AABF6093733FE9BF575A2D9E17B31D74C0F3158ABB558BC288C78D1AAFD8DB3DE1ACC55F82DCFE91859729DF2A2BEACF7ED33F6AEC965D9A6F7A2CAFDA67ED5D93E91DA47651E5908274DAD27D9F05ABF10F6E4B56CD0FBD2EFCFDA67ED5DE082C918D7B4EB0E1508BEC6EDC1FF0094E2D3F25B9BDB71EED58D6AA9789C10BF8A7C5A3F98643BB5AA2691ADB7B1EA5466ED378DACF9A17AC24378C897F643719DB7CFF96EC1D95FB4CFDABB2597669BDE8B2BF699FB5764FA47691D94795D5A70053D6BF50F6E4B56CD0FBD2EFCFDA67ED5DE097C2192CB232A301415E446DB68C1C4518DFCAD47995E1CAAF3491E55511F589A5656B75CF25628AC5693D8DF5A314D6B927686601DFCAE47ED33F6AEC965D9A6F7A2CAFDA67ED5D93E91DA47651E53E8C7B4AFD43DB92D5B343EF4BBF3F699FB5778265B559E93B5EE2F2D1AC2BA45298628EE98AD151D20AE1ADCEA040E844D3C8DF9A81F678DB1E95CA3470BF945F52748FDD8E1AB46A8C4EE20531EF8DAE73B5D71E3540280647ED33F6AEC965D9A6F7A2CAFDA67ED5D93E91DA47651E52C6E2EDC861D2506C9A24B9B4F1E392D5B343EF4BBF3F699FB577829B3C51D0BA4D3A6AC78FF009CB92EF948B9CC616C6DC39F24A056A05E14E518AB3C86185B3BA17BB48F182C15F5A0F91CC7EEA0DDB8A38CEB6B40395FB4CFDABB2597669BDE8B2BF699FB5764FA47691D9479676325DCDCD85B21F280BD82B0D99F26E8F6482A7A464B56CD0FBD2EFCFDA67ED5DE0A922E3230E7E2C9FA939F4A173BAC65B2ECD37BD12BD415E5CC7ED33F6AEC965D9A6F7A2CAFDA67ED5D93E91DA47651E5B46C7FF9283D2B7DB92D5B343EF4BBF3F699FB57782E50050091C075AA1E55181FCC72D97669BDE8B35FB4CFDABB2597669BDE8B2BF699FB5764FA47691D947967D8FF00F2507A56FB725AB6687DE977E7ED33F6AEF05DA1A69C327AF1C8CCB65D9A6F7A2CD7ED33F6AEC965D9A6F7A2CAFDA67ED5D93E91DA47651E5B45054FD54FFC9012C4E61BC08BC29C792D5B343EF4BBF3F699FB57782ED55E2BBEE84289996CBB34DEF459AFDA67ED5D92CBB34DEF4595FB4CFDABB27D23B48ECA3CB6F7DD17BEAB20AFE92B74B8DBF4A5EA6392D5B343EF4BBF3F699FB57782CB87E36027D63E0989996CBB34DEF459AFDA67ED5D92CBB34DEF4595FB4CFDABB27D23B48ECA3CB6FD9A4F74E5B56CD0FBD2EFCFDA67ED5DE0B1E8DBED2A34CCB677DD37459E504D30E147F2CD787B4B4FD626388E591D92CEFBA6E8B3CA09A61C28FE595E1ED2D3F5898E23964764B7973480EB402DA8D7DCD996DAC634B9CEB3BC000627472DA1F74DD36788034C38527CF7E787B4B4FD626388E591DE0B8FA7E0A1A83AD332549A0098F0EA87F0680D4A0F61AB4E52E76A02A55597A9E3691924EE83B9F0BC48DD38B75822855F91D7426C45DA6ED4117BCD1A1025DADB7B004E1CAAA0D41C9579A6345561AE34C85AE7E235E1AB9F7DA9AF40AA735A4D5BAC104782E1739B56623A70F92879D3325D78A8E45107C9B9DEAD1DD2A2D1BB8657894B8338C85386BCBE2045D35AF1638E4B7471B70023C02B53DA6AD376846AD49CF2349BABAC2B3380C5D7AA7A1497856EB491D4A0B3091AC2F8C5E73B89B44D0CE0D30C8C2F7DCBAF041A5457C6A52EFC529703CB92D238CEE7467FA9FCF16FAE79D4D154D73B85269B8F3F82DB5FCFF02A13E351FF0038FF00F67163C55A531E5D29A1D5508346A187873FFFC4002B1001000201020503040301010100000000010011213141105161718191A1B12030C1F04050D1E160F1FFDA0008010100013F21FEB820250C301433EA4C441ED2D21457CE6A76FEED5DF4428D5EDF4D15BA0587FE7760AA8BAA06DF4BA647068775C12DAABC599FA86B32A806F11CA6A59B447348DBE23DA0DA14D33FE9FA02896D58E991C9A9D930FF006D59E6D0BA0B70CE3B6B18B50A641B3E874ABDDA8EEC3821F47B2F35AB9FA59ADD20DEEFFE128342BA55671F519BD2191B8F8F68F8DACE48A61D87C4D5FBEBF452AB820D5A0CF9819FDB05D77768709679A1F5557776830963901F4E0AAAC3628E7AFD87436AB016B5B9DCD10D4B5A8A664D1309FB622618862E88EFF4AABBBB4184B1C80FFC4B36783F61CD0A5CB2D6A2CAD75610756CF7FE1B302D28A37DF3B7FB07220830BDEE2041B8D36E477D3FB966CF07EC39A63FB349EF7F2FE2332DF52B98F25FD8466CC34459A2C2E036FB2A61DAFAFC443D7C5C6C759415495753EAFDF734D2EDF83ED319B33E5A90044F5FDBEB29335D7F9223CD127326D29F546092BB814BDED03759AF1330A01F445A16B9FB76A7A92500D39D1BD740E50B3E76DBCC531535975A68EB2ADEC43FAB446E45EF187F8DE255006956D67FAA3367FA5E687714BEDA4D4EEFC4FD4F2E225E1A1317E627FB7EF29B31D7F0314550556A51AC69F6FC12FD2AA93157ADBD63B13D7EDFAB8AF043B11E84EBBC07A1606BB6D27C80595A2779878C098145D7FDE6A31D2AD47EBE49A2B294518D68D36DC3EB3B4614406DD65CE732107145F286962D1C76336009A902EC6F3DEBE6782387DCC3D3D90E8647BB8435B8B6DB415F6BFE2B834286AC03E65BB00BC2FC314C1CDAB98E501CA3D7ED33C671BB65796227C7FEB2C6CABC47A8488870DDDF508B626ED1A27D021317B0A8BEAC7925ADDF35415E2A356B2DD070C6A4147136630B0E589803B4C3662E31D780466641EF1BA2789B04F247D9F586C0872A68F6FC4A4320D22DFB763485EFC34BD870C214876A0814C916852F144D6FC4DCAE3B2A7A416852AE89CF3D82323BA50B6D2BB3F4881BB9862B90EC08D5CCFCAA50B8AC27EEF59B5207494E44AF63D67CD650FF00E537ADCCBCABB3AF38B011750A3DE639F77FDFF82A05AD4C69DBB657965F41051CDA0CA0B68473AF28806A28044140FCA4A0EAD5FC21E49ED95FD1ADF7122DA17698B85AAB63BE0C52EB159BF509A2FA5FE637381C336B17CE26A2D0624DD9F896C7428D41FF00961F043340E6CC05D12B0D8F5A333C4481CE774FC3BCD04F884789364BACF3C7CBF09FB0E6C38286A84D29784FCBB99362D6359A7DA6A6A2730712E43AA3EF1959F076D35E0EC1158F1C34E658DCAD6D55AB3727C40B63C41687D214DA5E2B9415E91359382CBC2537ED343B67AC708B651395A72BD91D40801589C5F5632FB7A47B455942A81D8EBF63DF67A05D764BF41DE63F6D7BB7DCC4B804024F5DE22F5047F6FF0099DC0874F5E091CC2E9A73822DDD91BF944671318F9683DE2E65AA649AC50E826E77A4D2DC681C1260341F12803300C263A9C0C20291DD6EB1AA8B7D5DD5568636CB30288F598D70CD9BEB17BB544C07AE343BFC2544566DEA13789E66B3EA45B2B32EAF0B9E173A633C536A46C10B056F996E52869390849780DB5CA5DB4036956D132B1E9E1635E189052F470017DF992021CD413696D09A92E72D5D99FF00563D7473021D376C7C07D84FD4D4F327C40E8A6E4186E66978CCD2A8EB49AFF90911ABB909303D584D0F1FF51E8C57472820D67462B337ED4C303400A0906FF69F1920FA0BD26E0F30DDAF54C2AADB446EA02A214F4F53222016CFF948EBBC715D521BEABD67470684FD173CC077F846CAD5CE4B83BD42B08155E5F99ED105E9DFF301CA0794A4AA861F5C4A8313DAA8401F324E0EB8D44C74BADA0218239A987EFD27C4F89937599B010C310AD791188946EA7C028B2D536155E36F7806FAAEFDF2C4B999BC6A3636741FB096B5934145CF63E65FD0ABBBE0B9765FD2222B7A8E53FF00B49530038313B994B77808270758785E0C0CC0F4417687050F383872A1F82683F4BCFD4E9111767024A9507A47CCF6A86FCBF2C0812A574861F52A5716AF01EBC1ADDAA72294759B34CCB69B8DDCD4467922B17172A55D26C4E8B71355F66E934B7D79A7571A3CE5C146AAAB9930BB91B2BDD87D4F624BC1479D92E1B421D664D6732A50AEECACD4DDB8DBEEC103C8F4C5041CDB8CDF093A5C26437A4AD923F59BB9CE66F7835B4854A7A7057818612570C44B240BFEB9708293F095EB4A952A54A94F0A0460000A2B11ACD5B4DE04AFA07B46A910DB1E4AF88F2417A3E63952D3E64036F4F887220A4BB3519A3D54D1DF327EB08C02F420FB40E36C5069C110E7C102BA5AA1F69A4A09942866BB7D9A3F48F25CB8812F2BACEC87313A07481656D031508743FD82C18CAF7846DE901CA1C0A9A256254BE23688A75E9785C5E4A7A027F7384C32A54A951224AE03077949C52B29AB36855871379CD5F5A81EA4A951254A84B29879CB530422926AD25B67E59D1252D8788288FBF200D5E92B0DAB66103D7399BD4E0288F28E9132EF364F66CCA0668E3C7BAFCC593AB37BACD1CA0E06356CA7AEC34F481702D0A0F07DAB34169C6770D250D6D572836ED2A477380542FCC6313C66E4B9196130114216FA4ACF15485D5C5862A55D7BF3315E9F999BF310E1BF0A95C2A3CA095FA57476EA28A0053D003FB9C258F0A89120E238EE8F4F184FD4E93443E65DA7AD8DF965DAFA496755F33CF34912F575296070AA23D2FB01BBD25100DCBEE79F5EDA1BB0CDA69C1AE0C61AE7CC99707AA3E1401962F487431DAE695EB2DBF05A31A73309E809F3FAD40B5A9D48542FDF4F79A98AEF69B72AF78150540A52F0C4A1400E92F833134C0E9BCDA77AC6AD5723111F31B4DF0F25944B3B878600BBEA1A47360C1EA9DE1F04AB84A81369B4DE5706A962B2AFD553EE14521ACFA227F69D4B2723C10ED37B4BF40EF16EE7C446AFC13ADE2F15BC726977F84197BFD806BC3B4115DF20377A4A803B97DCF3EBDB437781E2B17E84098F412ACC58D70D1C37984E8E91F109A4065940E1D5C1D6694861E483D93EA2C7CA2E346579EBA134AAAA3817CB94B97F4802E4BBBA95C77A4CB01EACCAF71181B045580EB37A8719E3462C2D439FAA64FF007A9E22AB1798E9D1ED39C3B40FF2508FE70DCCBE145BAF8B10DCEEA2AFF2895A7AB3FA8D9DBA8A28C54F400FEE70963C4478683BC7269F7F8437EFF55CB9714764AD7901BBD25501DCBEF79F5EDA1BBC17162C7833770485809AD56594118104419413F20601C3D82555477636291B4C314E549A39B2E56C314789D3B51C1518BAD057D551E727540F00F98BF4032CC8B7629A27CA221141507A288301D65FAD5CB7EFA4C330DDCBFC97FEF5625CCD8FB386441A068CC39F98CD65D747B4BCCDBDD81D2DED000AA808769ACC570C6D2A316184AFD2BA3B76513405A83B07F7384B1829A71F41A08E27EEF84357BC65CB9703C0F33594ED980F6C4EB9305F001CE0068E3C9D7D573D8C1BB1AFF51972E2CB972E1D84EECFC2530E75DA525330BDA7024BD53AC66C52FF00BDA7B06621EE3B795E2349DA1835A39BB81227C75A98057DA7940A4AEDB5B7C95BD87EB764B737A617DC943934668791CC74D37E56F1DBEE53140C5C8B5CA2A1C7BA3355EB653CF0289CA367C375BAD0F87F1C6EBF2652EEB15B912E6BC2E6897C3AF1BC472E8E7A56E61F273654F05A477462C636A6124BD58D919843057EC4D344B65931BA4001CC14A8302CABC2886A03B2C58D4F410D2047382830CE543AD91A11C682BAFAF56DA1BAE4D47A4AD90005710E2F761392F69A2AFB21B4BE6658BB2C4EB799F5B6F2A9E89985CF6EC4FCFCDC38904D8A95D04479C4F56506D34FD23F4277B5136BB43832D65122B7D3EBE8E046C6F5EB52DD0681DE8995B75A5508748635639417BE29D3F774261187C0A8BB6368D6579CCBF658732CCD39942028E0BB5D1F3CE9AAF82AC570E48BA76FD05CC4D385C65F0525BB47818B53266CC6BBAA540B86B99D0F547945CC772B40B308BDA4392244ED6F71A066DE5987BC8B4D7A764628B32CAC24F5A43B177966BAD71A9A33E598A15BC046E27DE6D1A86198038B18C63B24028EA4ADD10AF0A059C01C4625FEE0161EFF006182FC7A6A28E982CAE93494EEED1E25E1DFCBE4C18F563017A74AE721B746E0A2FD080F0466095C3429FCC49A1E0B8BACE5F2B6AD23AEC9080772E140E93439ED347BB0CF0BCF058B2F1E92CD03BB05DD7ACC91F945FA163182DC4A5566634AFA0BA4DF7D847832F9B2DBD266ADE18064171A2DF5CDF7F11B91DD8CD3D24DD0F3C0A7798EEB3D34556E18E84445A31E5E8E3B4CFF00671F4E94BCF00A4B0D485FE115A3AF05CBD656ED37DD013EF52C0A51C2A72C043168B6AABAA455976342AAD7AEA6A6D06D8EEC3D1505C2746EBC53F32B996F3F4631EF29CEDC209E1B97EE90A9E2D8FB07A3E9EC1C92397E6D10BF1F45A9624535B0748CDC0D23B4C0EF4B22D6AA6809E26912FCD71F87D70F958BEDC6341CA55F49F941A6F8172E2C70982A22BF5172E7D85B01BFF218CC0DEAD385F487603BB356EC9984C7844FFA68BD1593A3BC6E5C1D8BD6529CA35712632CEA3DA7F94702D1DCDCF60E86E752A752674A51F4317ECED09C99CF72525A5ABB5A21E089C3CC769834AF497CF21775FD6841D4D7242F023EB1DA1BA054F583C21CF5F507B4648A52A2BC7D22BA89EF9EF3FC3F9214A53D86618DD3206E89AF6A3BCB6D574BF7DD5F88E348CC1B4E81CEFC315CBD89AE0F31CCA9594FEE9C4E1A002E08207D5AC3597165C5CF068BBBB2B0F967662982DF486BE52A6D4B91AA3B04554AF99A4F873394EE54F6CA2E67BDBA07A7BD731130A2A9A8B17A634896AF5E704B30DAF683772BEC20D5087E3F98B468BBAFDA3ABE0B707363149429F511F7912ED42372C14D07A248283F4283C1F6823016A6D59EF7E7FE3336AC8D4054BE7EF2C8D27D14B6D59D7D2F85C3E67B30A16F683E177618DFD89F22B13693BCDA5DA459EE528BD226BC60ADE3845E8BF1143465F3C4D10772E682BB40AFFA96E73ABD49D0944A61E4F88AC488DFA1F887D1A12F3C32A29834A0DF82315877847733EC8CF2EC0B87762DF20CC1DE0B3D629CCAEECFADE00141443577CF78AAEF0C940AAC5EFBC129A1A280ECEBF71F804F7FFC7C05838068B8F70F9FA1E30704A585B422F139C343DA0F6D772C7CC376187C1E2E0FFCC9F2D1B9A1E769BD98F5657304D5548A554038506334C616E8D70313D74DB94B3A3AF9E2C2577A5B6CC5534974CF77EFDA59BC2362EAECBEF1C7A02DF10C88B4DD48FF0094C7AB695660BD415FE527F1357769691631D2C417BB3F438C003561A44D91932A35CDD34E9281242E94BDACF688F8B4F555A4551DF0297AEB0F445A68C13B607DB03552EB5A09F2119B5119FE9BFF001D81AAF5FAEF903CFD0E8E46105F4381E7CA5E6290D2DD47134006DD25CD4309DE80DA51CBEB706414F410FDA0B5A058AD70265D55D8B7546C000D16D883542117EA6256610AB3A90CBD0D5E994688C4C38EAD674EC68504D71858A1B04D01CF539E76BEE2A7013CF3166B574236588AE26F63B7A7DA28D1BED9757A3D08C72DE6E4F7FBCCCB4D0CFAA245879B80DAD23D1FC73AA21934573EC1F4D77BFBA71B4818A3FA6D083D0B9976BF1F61E68C3CCC8ED8D7BC8FDF696E0F563D30D34BDCAD0A026ECA1EA959F685076A17F81D2B5D9F2AF3DD405767F282ED65B86E8AF46829421410575855509D5501E94050000441D4310C0E0BE48A33DC465C52355EF0ED96B525D4605BA6B46FC39E479222288FF259FED39E7EC394341CBE1FF22A71941566D74153C7D140BD59D7D2F81C1DCFCC1A3A315FE8638E9ABCCD108F425C85F48DD47BF5C0CFB2037730E41BAA6F70059352A7A07DE50CCF1CD29DDCDF560014147D4CFB3ED0CB5ABC8E6F48ADBDE63E5C6BFF006E2EA3B3ADB90E7075822787F95819BAFD3CB800A0E47F20699BDEF666F8A15CE189C31EAFCAC18F51C2F496D148CE75D95288D7D28CC93602BFC94FE2222F2EAE7E31906AA8D7E5F719E067D9F320F5342867DA206906E554E57999979DE6B4FE3F958199304CC642A83571FC90B590816187B9FF00D459B1A1D7B3A3E276506E2A4E49437D0E14DC8AEC8B3CD0366A3456A34EFF00C167819F6D8BA75392753599337B3CFAF933E61C18008CA619A2ADFCAC0CF0B3E06DD1310145DEFB5BD4EF5FCAD7EB9512CBAA55F1D479BF1284C507F8430460D4AACC27E484773306BBC687850AC0F5EC9408E4C2EDAD5E87F059E067DB59E05CF3F012D2E439E9FEE30333EC756878992FB3ACBE7DDDA073585041E64253AF65974F76197945506EECFC1EBC28F5FEA0F8665C00ABC23B64310169D410ED0124DC3255D56FE2FEEB3C0CFB6A84698D0B8D4FDF1FEE70335990B453C64E7C8334FF000FA72220DD20436A0222AC0CBD601780008F41973554061AD4B6812B535E594B052211A6CDFF00D7DD67819F6C9ADFBE3FDCE06771828AAE56AB7F19E910C8E42CA4B376C49708A061390AEB4F4CC2A843684F97B4A0C896458B15DEADEB0D8355B49683BC0630C43992C7F423B11BC266050060FB8CF033EC5D463D902E9535E8FF0075819AD6ACDF51CB9643835C73D218D0009696C27A3C18B3A29B5C03DA5DC81AD53150E7F7A45E780256ECE6759502D15A587DD67819F6F328215BF382C6B6B61B57FDD606785075768AE7DC12961A39975645B7416EC18F75FA302E55110A641D7E0FBCCF033EDFA9D63F59CBFDDE0660D8201400C88F495F10B4C17F2FE16067819F6F7FF98FD672FF0077819A476D3F254F9980EFF867CFF97F85819E067D931B1306C5994F228EAAB9CFF77819DABA2C85E5BCFE19F3FE5FE16067819F6E8201CD685C54B43451872BFEEF0332C69C9F57FC0455D79F2FE5FF00C76067819F6C18199C92D57559F2FE5E2B1AE9B45A0BE6DBD1FA5E2419434B1EC88F9E0B1AE9B45A0BE6DBD1E2F120CA1A58F6447CF0799A5406BB399627878DF9B9F22A80DDE2358EBB44B0BE653D4FBCF120CA1A58F6447CFF005767EBD617843C93E4FCBC199816AE84151420551AE2AE0512D89C52EA7272099ACA0880DF2B33C13CA19B2D65301E1CCA8BB6AE0110577F102896D58D652ADA75A8C1DE13302C4D1E00AA90316ABB01AC4554258A44D91D3854DA8D64BE96D0F3F759120E62F426044EE42F4D4FEAEF002F7AAC7CA529C8CF9BF2F04A57455A34DC63B71A3064EA9479852ED4633CDCF9D78D651096D29BE4C5BB0599BD85C2AB7581A06584D9C729565985E5007CAEC815C77BCD10894791B66D980E05F80C075DDFDA95435255B2B6E1942FFA1B3B3D251DB54685AC9D38746F557D5E5A3EE9A6A955AE22842C93772F8AFEAEC0DC2A0CEE59F2BE5FF8EDE2F0BA894B1BA27DA13F4203A7F79FFFDA000C0301000200030000001092492492492492492492492492492492493F724924924924924924924924924924924924924924927924EE491B9248C9D248E49249249249249249249249249249249249249279247E4938924823F249249249249249249249249249249249249249249249249249249249213249249249249249249249249249249249249249249209248249049249091248249249249211A4924924924924924924924924920924824904924909B24824924924925264924924924924924924924924920924824825B2490DB2482481744EF768AF3169249249249249249249249209248249043215E5D9D4ABBBCDA32E943CF07924924924924924A5992492095A31B118BF58C91E8B224B862FC1C5568B9AA4924924924905E9648C4ABE90AA345835E5154DA474F6FED13E8C50FB836292492055E051F3978A0B0068A1C59CC06AFE455C7A34B6920DED18C2D8FB92492790BFF8772B7BA7DBD8EF49CCA9D712E4EDADB48654EBDC071E7A2C924926B5E4F925E5A79AB47DCEE65099BA5D08DB4D08BD3E746C27E9CBA492492D7EF292B3B95EB89249335B74F0000B6E9A6D5ABD2CA914BABBA2249249057406973A1A7A4BF39234E59C496D89169FCDB53C3F46A89505192492481937B2A86C6569004E2438D4CC49137FD91BB6B41C0054D19A1649248096C9368E4FE63724992467E2B9F8A6EC96C8D5B21C8CE244EB4A86C924D9F7D98416056441FB7DB64F03E978A96C6DE7ADB098FF0003724D9DADC9248EDAD6951570FA76E2EDB59C1AF2D6BADA441B6C85F062CB700C1FF64924C845B1F312F0AC07DBED35BBAEA02666C5C009C9C249A6B49C24CA0A4924D2633064B3339C66DF6A01000269131DD9221028001AA2EB2964DB9E492484B577C2CE540617DF1109C90068A3269C2AFBF4B2B00F6D6677EDD2492491C91AFC05A81AE64487E4C09FA194CC34FD342066ECD48C9231249249249249215BB1F67E51249DDB1530434ABCB95A25A8B9764924923B2492492492492492FE991E845E0715FB397B09D6DA40ACE1CD924924924B24924924924924924ED5BA274C5CD61F3FB265572BC490C44E924924906B24924924924924927FD8A54326BDF7FCC985ECD24924927720924924916D249249249249249257DFAC6E39B79130C29A0C224924924920924924917B24924924924924924EDBD1FF0079E5C460820903A24924924920924924925B24924924924924924AFBC1D3EA4A410482082E22492492492092492493E92492492492492492479FDF8F2492410482080AA2492492492092492490E92492492492492492486E7C3624924104820928824924924920924924924924924924924924924924246D0412410482090A824924924920924924924924924924924924924924F9E0987F410482092A8249249249209249249249249249249249249249243FC4D049C1048209098249249249209249249249249249249249249249249E3D284E410482090C8249249249209249249249249249249249249249249EAD2072410482090F824924924920924924924924924924924924924924917D2092410482092C82492492492092492492492492492492492492492490032092410482092782492492492092492492492492492492492492492492D32092410482092082492492492092492492492492492492492492492490E320924104820904824924924920924924924924924924924924924924907B2492492492492492492492492492492492492492492492492492492490DB2392071B6E393F8E492492490392492492492492492492492492492492332792312D272900864924924924924924924924924924924924924924920924924924924924924924924924924924924924924924924924924924925124924924924924924924924924924924924924924924FFC4002B11010002010204060202030100000000000100113121411020516130718191A1B14050C1F060D1F1E1FFDA0008010301013F10FD75A8F3E055275FDD8FCAF5BA2BAD5F979A72DB50016D68D3E57A00B1311001308E1D69F70E510921D5FA015F434DE652CFEFC9CC88B195C1E7E7B7FA182CA8EC3356AD8E43076B0410823D1FB104F535DBF6DAD515B5AAAB517656ADA5229854215ACF6FF7F6F206001AB685D6CB42DC64ACED10181450800680529E9A75A2F95D08ECA6BB69D0EEF9625FB939CEC5E76BC6D58D2B990B3176D180BDB7D3CE3C32E47068D75F313ED9E4860567D4574D7AEDFE12CAFF000F3883F885A9683A97B420836FDCB887E2BED4FA9769FD88CB50694D4D1808E5B90A7FE4399C43C25CEF44379DF8F02F247B25A5D88BA194617BCB944EF4B4B42FB4137415BBF54C7A1DBF863D0F38638A86677A21BCBB421139CF245748AED15D658D1E21C220BB1EF34510B6E43AA10E51A311CA2E03B20382504AD6918E2CB9A890D225962E83F8AB5C61BF0906677227BCEEC4A7627922BA41BA45EC19778297BA897433B0C130E0B074CF786FA410171086C87B230380B6407010E9EF2DEA4637B56B108CCDF494805ED2CC3F8966E8AC4388AE3E12ECB9AF2BDE75BEE3342A301D514C845602E84370806C8F47012DBF0906F109A31066089A44EB623627962F6380F523D696EB1173D7EA76275E241DB89E522AFF0049AC9DEA1B8B01DBE6584D54331C4FB38D844F2221B258274B84A8D21718F79AF6097641E92FCFC08A35708A2299253AD2058263854A952A54A95C361E1A8967632D57220E60074F0163551E8C67DF8AEF3B914E5972E52DC0576A806A19A34825D10DE70DF581ED0380B0203820D1FDD98B166DF322C49AA4DB10B6BA5B3A02FA4BB871F1A4F386638862E9BED2CCA97E53EB0E9403640F04325A0C309B0521F9B4DBDA54AE2697ABF70A4AE254A952A570AE39781D3C4E2585D1ED7AFB4CBC78666E34622298D60B8705813A437C41EFF1804AA5C52B6EBAEF2AD52231D3B7D26BCAFA45F0A5F827ACA1D15FD26C88AE4E15D5B7D60101604018254A8354331C4D0C14BF263EE4F98CC3EDC2B8E1EAFDF30D613EE26AC72E6E034F138559D58B66ECD0521F7E894FB90F8E9A9FEE04A4F6447DBC01CACFD1E6B8B61D4F0C1E0403040E24FB0FB95C1BCBCBF27A414A6F1C70152B90FBD3E53F731E2B930F57EE570AE39F833172E49BCC7C8A88EACD85F622DC7C2D14330686F303BB3BB29C33245C13401EB1B6E1375F097E4837AABEB0E9431041F2856520F91F7CD52B8E69BC71CE94A52446C8CD780D076E5C3D5FBE164B97C15A7838982570AE19E6F0E9E35344210E81EECEA22F68F53E0E87E530E41ACA950E39B0C4FA257354B8A834952B9F2433E0159881AD58D7BDF86BC168B6546B2B9727163E5D4E56B068E458256E196FDBFEC00C7842C0962D6A09ABE46D10223696CB22ACB993C33B86623C0668E638E2B59ACA951380E2A05B015B79F3F161E55686FACD0446ADAE470A9E91F7AF8180275183DB96EA30A659875C09C30667E0C1E16E19816592E5B35952A0D51CC71E1A502D816DBE067E02404340E5BB5AA94E76B0E44D09A0BCBDB4E632D98439D6665E020568855A8EBA2134DD8366383C92E4E1C5C6C94973594CA654A4DC3310F3648E638F092816C056DF0470BA364BD1C28442208B98B6417282CE897C16882C3D35F6D62DB6F36A2735CD60222A081D3DE551E5BA187BC52F7665F7976567A98BF8E0EA280F5E0C5C14E35CFB86605E5C913589A732432C43788C46C44371847C0A46B08A3246584BA0E3BD0496B1201776D3360F946CF53347795DE1148FC9BEF4E7A878DCD6540AD12859D6552FCBA5A0F79A209E56FBB2F07CCCB9811CEFA287A6780D372E1D1C183C54862F5C942060762A9BE217FB1DA638D5116A3B716DE232CB79066397284472C4609BCD832E9794659A20522F5A460A73C332332E2BE0EDEEFD1FFA7818D2A05E84B97B8D044698B6C7DE530BD731740FBB0142508CAA5568A1E1161F58AC6CA701BDF0681E7F84AB5806436782D964EECC23E02051090E506A38ADAA2D14EFE0664CA20CC63A3C9A7B65F77FF3C0D11A1EF8F79FCE47E61548EAFF00C25F879DD3DB1000A261C36CBE20C140C513B37006704F7704E18D07CF9EE3D08BCE9308F823A847AC48F7CCAC4C5C4B683609B344E58040887113B08C94DF93C1E5C84FA41ED1E6422BE5F22FCE847E4221F57F711FA4B7E5FE204FA5FC46046B083EA75D60F99EE7D408B35775FC1FCC431F203F9B881CBBF821A0390DF06CE0684A112DE5369884B0B297F670716A4341CECD2C1B98BCF9292BC1D34111A4D0020703DA16E9928665095E23D0464B6F1E75584A0580AA307E5167D8B8E4BF253E691DE5FD301FCC4F0F207DB73383D5801BAE5661F868732968C1EF022ED81ED00C10972F8EC7D33C1530A60A3ABBC7E8AEBA6DA7331875409A4F9CBCB4A5E10A5378D733B2B2887BB309691E92995768EBE0AB42E24B6A77D3EE618762D7C42AB29D52A3B55181BE840D2A0063C3C3F192CE53D92EBD63B9B29C3DB30D4F7961292BC2B96B2CCBB0C7BFDC743DE54A98F49182DBCBBCF0CFC36983974177D23AAAF9811059BE47E588FCB441F16C57CA87ECFF001326C3A141F152FADDF9EBF7C104A60B0400F1587E38A78DCB64087DA136420F538ED4100D9CBE9DBBC467497829494732989D88C2B67AFDCA2EF8BE11353915A95AC4869DAC537E623E8B639EF98FB689921FE988FA5367DDB84528F3AFAA97369AF22A2C8A2D2A69F4BB8AC180292056878A63F1CE97C89654EBDB5FD9C1D4686CB96A8A6F157971F7FBE1716A75409B45685C3AEE1DF4FB888117BDD7B7D67D2D1D8C3AD57DCBD7807780307855ADC0AF194B23291745450549A7E38B2B96F6E81F4CF054DC3526261CF87BFDC4E99F22528F521FDFE32E92C66740FD200A29DE83FDC6AD0F65C0EBDA1F43F988DA7995FB801A1C7687E50B2ECFB9AEFEF3158EEFDFE41A7902C62CBD7FF62B1B35C15861898B8E6E7D23A8F351F53EC90FCE23F0603E0B84D65B6B756F7E983B432AA74343E2A23A9E7AFDF80EB8952EFF0028DF96FBE0AE7F20EFC8B46411F680D809EE38664A8D596B4743F931FEFCF423D03D8FB6E6577ABFC54D6BAF130FCD216D24A45EABFC967112B3C52CA9D506BFB38560CD40DFF092B8057E56129FCA4B8F4C44CF04EF741F4CCD6D2BDBEE1522D3647EA22C2C07E0E537FDC8B89706A957DA30476B658C4D2F53F0B29BFEE45A4B2DB1A6C693418CAC693864D4BE3882C454A2BC4CA6FF00B95B584686879B0481ED5135E07B335CEB5C4A44F73FC4726075897B890ACB02B43C4C3BA2FBC3DB41ABD8FDD0AD785C305CEBC2D89A3BA42266E50F478AAAECFF00521D4EEFDD259C1D4AA5D4F256FE37F5F49F21F5FBBDE1D886783F0B77F789F21F5FBB731987E12B750028747F7628ED66982A61FE1D5ADFEAE6A1E530FF000E748EE83E0987F8755DC1FA82887FECC381A0B58D4435BB402F16AD6B7A6B1C1D0C9C4D9B568F3669C2F5C2355D696BD780FA1FD95F46F6D15AE200869822235A348A69BCD699FEFA13150ADF3FBF4C6F0C1DAC104186443C82A0BD8B8E829382E3B415D8032ABA079C1C74A09B88E11344F2E02ED0DD6A5B59A16DAEC3E2B1557DD03DDA212455A9111ACE17F577EE98304379870BCB4EBAF995F4CDFA10D7706045E98DF48869B6A74E869A74C75D35D788DC3B4743513A9E9AE6019A1450A8C82AB7D6B5F4E173A575BD5D0FF41E8416E86B1D12F4599D768AF559675AA3EFFB445334D13A5B5F77FBA1049D507CA9A7C7F188C2D3596B6F6606832AF6CE26464B7B6B7AE9B6BC342CC25D34E7CDDA9DF49BEAA1B897A3A1A9BE99E8E9C3BA06AF23D8BCE973A69E2E46907BB5348BA49D0D1EBADE75FD5E136987F87D3F7BFFC4002C11010002010204060105010101000000000100112131411020517130618191A1B1F0405060C1D1E170F1FFDA0008010201013F10FDBA965EA8402A616BFBDAAD22B055B7D2D3BF61E5A1B52850B73EC075543CE0128A50EA26A62CF653959A0F43A75540F573B5CFC6130FB38FAE61EBAE81ABDBB6FF00EA46048403AC4C86B93D0E4A3B0D5FCFC63341E875E88A3E8E37AFDDB0220505E48B706F050D883AAE34294EFBFCE3E8E462B388A172DC02D1AE8DE0DE1A756DB512655B05EF9C62DAE524E6E5B159CDB56981E8D5CA86038A0DDAB0DEAAF7BD737CC69A2D516EA35BED6F6F2E1BC792CF5863B22FC1EBB4EF6EE9A7A2BAD71D37FF00CBD1D188641FDE4FD29327DE1A7EE2643ABFDC68AAF39E25329969696E4F41ACC6D0E8C0BE4281AB12D44CF40FDAFE47F734BCB4CA65B805F27ACA1AF0622B4E9886EFB4A4CC663479C7624DF0832D622FAB8A6ABDE5ACBDDA1C35C1D3ED12B04D0822B87EC74CB4B4B4BF1E90029926884C0CC75423AC311843AFB476143226BC16627581E91785F5716D57BC4D3B1F44AFA3C0458E22B7CA99457589682DEB03B9946D70EA27F70A57A182743ED2AD2BD88D6308C403BCA37825E63B2C4EE844105D99A37F4FD154A8AD0B9A62A05F27ACA4A4A4C4A4A4405C4B4BF68CD24D625A919AB8AE8117DFE20E4BB9BF2C0BA4340BDA1A0718A66B829868EBF2946E657B2FAC034F9B1074EDB7946582D99E7C53AB2E5CB972E5CB972F8645171650891D3C0254D45512ABC152525252512B8A4A185DD4B17551063C113ACD1062DA04537F88BCAFABF78BEAB1E7DB8EA766533242F695C2FED28833443768F586E1849DEBCB8A6ABAA00D0401A03D257A31EB45B560E0635BC444D25F12E64F43EA5CB972E5CB972E5F0BE3A508B397C5E1619482E8C22C868F8069C6E5C4B5C4D58C07FC44F4BF681D14E8FCE080198A1A8E5B18DA5DBB5BE50693780F586C043707B40F57ED1F2DBA62EEC0B46033A547A45B78A6ACB70B8F0E39B292BC9D6E7C08FCB2E5CBE1F41F470BE45845E2767999A109AD1E45AB1886D34D66E0901A0FC42D68EDE01CBF61CD58844C89E64575629BF1B8CFA9FA78532B2BC86F2D128E3AD2E5F2FC48FCFCBF51F47369F026B70AE3A5369A9C8A8654F5271D7E16846A98ECC3B117EC4A4292C06A759B0DA2FAC34DF281A0201A03D22C9A86562381E05E5A2BF43F4F84F0E3ADCC403051446446BCBF51F470A94F1140E04D497C9A7368F2E37162768660B815BE08B3DE63071BA2E520D97C7447857CF72DE22F9F4BC194EA2AF043454A989880AD12C71E5F52F9561C09AFCBA32F1353F4126C942146E237410CF14834511D5285135C8351349E19C14E911781A5C4E5289898972E0F03C415A228147E7FCFCEDCD91E04D5E516AC4C041E459953EA7C0D623FE94D521CF0A8413A43AE0A3AC674D35B654C4334A335FC2C14E91094CA98854C4B8B0F1605688A8AFC7FCF01E1C1A2D971795D448CD98F22CDCAE797357E9A839CB796104D2222F58DD465F295383C24A078357854A6532BCE51312CE0B4D87481E668789015A228147E7FCFCEDE1356532B69C2D04968651437B8270704AB57581457362386A54A8173CF36516E917ACB9AC9F299C28F3FF2641BE041A8095BEB9E0AA2E674E0D5E0B70BF0361D22C6B97421C35B946D083ED0582DD802A3289E00A150C03BC250CA227696348A51625ADE08F63314C3012BD2024A07E639EE4952A79E288ADA2F5955D47CA19783CFFC87CA2F62074070388CF6CB80D372BAF58C39F8A3443171C8E9B8B5A2373ACBE4D581737300DA034201C953172A5E0BB45C43681ACA9444C61F3C1B5E6366E5916F0392134CD4F0BE1737A1CE96542098ADA2F58DD465F299828EAFF904DA7C0845010C8F0A9513112590DB306CBE05A4C664FF0045AA50A1BAC0AC4D50E071B972E18AD886F36044B9E5496C5BE4388C9F384171232A3C3D61E034A1633631D59AC4F21820F4470398C6B86CB7852CDB1C2963A4D4EDCE1703D60F4CCD50F0354042C66DC00C1378EB19B940E84D9111BC47558C30527D9E0441AB3591F49D09DD8ED03B42EA59486B85D46418623527CCB2E7E303ADBDD87534782B7C8715BC2B888D654DA39E0AA2B5993E726644A872E414B423AE868DCC90659128A2A2FAC4758F922B68C15790E1A7EB0B453048D97EE004F49AF6FA4D780EEFF93FCD9FEC36E7BBFE4D113D39DFD2149DB072D2F854A83DB82A6E0A978F00C11E1161B729292C2304ED2F17D60AAE11B570845500162AF0BE7508074CCD74F5C7DC19AB12D79C0D0EAFDB28BBF0F78FEAF0CD4CFB4565F0768F08A597968081941284A232F43EA1E8517BB13D62368A8C94F2279357041AB13A4BD89A6D7BE22740ED985D67E26967D730342B822B2396C1828995D7BF89BFEA0E4065BE235DEA29C16897300D3318265A2BAC4F5888A941D8FA22B85E29C563472501C503BD26219F49B70EEC6FF51FEC16E7D7FC9A23ED0C60E4200B50EA1B2596C03761206EA3B6A98AADBE26FF00A83969BB652A2A8767856B4464A79743B1F4717504743EFCFF0034F7501B8509B0332E3AF6BF7FBDBD842434F4E4BF0ADAA8A6876F19416CA41C41059FA73968F43C15372861357BF2570268763E8886ACD367F9F9FD6652B01E78BF37F31EEAD5A0ED99806C3CA69F7EF99A683B7EBFE0330F44341E47EA0E4EDBCFB4565F04893E47116ACDECF6274FF76374CEC5C556D74DEB42A680FDFDC31A63F64F84C71E8FD49C882ADE35DECA70D7EF0162C0017BB1DFD47FB34E2F766879E92FF6940A65D618FD48D72D57BA5417DC8F4FE157C687D1896AC5A27589D621B7F0C57CB226027A4681E799C8C557E7BFF0C38600936F1291E92A058CBFD10534F0A99723E61C3656BE1FE0D40589825C9D88977FD26AB6FBCA8AD8D6E8FF0065A88F45FCE910777806A3ED00CB03A6363A4556DF1297D52805D7F7A3237C3CF16363DDBA1FFDE1DE895D621E5DABFBDA083006F3CC157C5B31F29F2FF7A54CAA943F39537D0F97F0E4B6ABC6FEBFDCF97FBDB982F5089755FD17F5FEE7CBFE20839FDEC05BFC411A5DE2D3F878F9CD9FC3C5A84AB38BA4A0D5961D2F8096AEE8178ACE259D968FE7E1C561A057B1ACCF9AC650BBD2AC2FD382198FAAF6F376A2DBC6B1C0B3A8444BC9620E76C667E461E465F4EF35065476FADF5D6B128EC357F3F19E52102EE00A1E6D434963A3C04BD0A06AAAE8016AF90452F60A3A889A88D23E49C1A514ABC285E960AB79A75D3C577751D057D817E225CE0B1112F4C21AFED6029957C7265863B367C9EBBCDB5430D93AA22CEBAED9852ED07AF5739EBAF4CE315C58B4C6D32948F47A671A446D16CB45B804AB9AB2F1E57C2B94150E8657ED5EEB1C0B78A646B2A74C6F2CD9453D2ECFAFCB6510321EB443D8FCCB1AECB079362FE7FBD6021AE8A0189D52D7402F7D359A5A42B7C5633BE38614F469411C6154375760359EBB5542688D64CB86ACCE99B4CF0F2A70F73DD5A67A339F174C40AFA173281737572F4C560C7FE73FFFC4002B100100020201030303050101010100000001001121314151617181A1B11091C120304050D1F0E1F160FFDA0008010100013F10FEB9CC28E48B8B82C2DE50E66234C940E20534B1856D8308B6F8ABFEEDB4602BBD6A8296EDF03D3F4D2377182BCDD00DA8075D404FDB823954A3C36299FD2EA7000802D500719455C5C54DDEC208A2275113A6317FA9E15A08539A14C1CAB5EA82B6A250042EC3936637173B2A72EF035ABD0A02C78683D5FD1C6BF0C1F978032B886A7000012C508718544CD7F6C963CA42AA0210006D06CB892AE18A1E4142CEF478FD03E98AC20E21305E06DA2B30C89C8D99422DDD5E7005B5FA56719754C2ED41AAB09C3579D2488505360E692EF37779BFD5521E98258159AC17FC4C5157C6C034E1C9CCD47FD18532E7F436B17C88851CB438DBC4DFFAA0F0715D6F1BAE7FB6DD7E4257209B16CBB2907F56ABF212B900D8B6D5B6ABFA782EACC5A08D01A44EBFB027A5953F87423630A285085A94D7848DCDD22258808280493C4A62DF7B1F77F4EABF212B900D8B6D5B6ABFFE282854D19D0F8B3A4EF3D463B3962CE10D29A5DCE3F8615E0733CD16D118605E29D6066185E03830DF9A2FA11DB1C1405A26C0ACA1C63FBA0A153463E81F186BBE9FC385DAE8B096736473B6733C6C9DBFB0850A0498054B0208D59D615680DB6CE25463776022AA61C7996961106CA78D2899E05060416BB67F59EC74C42BCFF2FD90557843A8DAAB83BCD6A897396D5B4D6EB4DF3BF49CC17692A97D4063BC1DB321A85CFA6941810817CD3E183709DEB068DDE2C1850B0ED65F526A91DDD8ABBA566171B2D6460DC18C040F76A6EF528232D42D7D1286FD15DD9C1356D7586426F3FC468DDB4DF0673B1D860DC379B7FD4540CBD47F083AA081482B3A2F342F6FEAC285F4D47142FA387DFE26EF9FEF9FF03A7EB636E535168519A1C769B6924CE4B54D75BC4DF3BF483044571C2C032ED98E3A8077A429B36E0746AE73A7CD60EEC62251C5645D66FD3A2740F2C54A7AB02F8F2195DC1C9B59472DB65D5A2E8A008092002D0550E68E9DE1178EC59EF0F743540D5D659475F0BF8198A9B1CAAF90802200A5A2EAEE53776A48FA99E6364BF113A56D01F11137152500E8CD74AC64BF302FB4AFC44183EC0449790417428B9A1D13EEA2AA98121637F78DCAC3D2E068192F780A574E871045AEE89F987C9A599168E009E80FF169F7DD1B6C08559BCEAE151AA0EE57802B066F9863F5845BABAC00FAD527775542F0743D77FB21540B5021964A50B22E81AC3F697253C8F8810CB4342F5463577111390B5E856B7BA10DD1A5298E4B658EF7BDC7C169071814A8EF4F8867E580CCA670E1C50CEEB37E929AF1576A0A81A5D8CDDB116EDB611BC6A5A55D14E0C8F6E269040189D251B231DCD962A3907D22742F5A5F89F0E4FCB1E945CFFC3387FD4FE22DB073533D22A65DAF84C094B20813055A0B7A0406BC917F329A9D752FCCACC16BFF0014A4161C5217BE045D7482305550A6AA8CD317A676FC49421380297CA4C060102C0395200FAE7FA70C8F002A00DD769435EBA1CBD32163DD8C1EB409F11B5B3BC3DA161E5EFE662360DDF30A0060CFB5A9ACAB4D911ABF5B2225BE8C220302D7294821300E3E650233D5BC5FAB30C54B481B07DDDA1D450A63D5ABD1D859C02D95DAF552F5C6A0896367F019081B5688093284EB25D03587ED31EBBFF9548700BE91BAD429A8696DD5186820BB78BAFCC12BD89082E7FD537F6BD5B555B39E9EBC7FE84856D36E66686B58AF586D35D50FBB82D79480DBC8DE6B758312D7089A4256028F71B22F593D60D541AD1731486A8F6AB8013AD417A5BB9A3E6E793351AA1AA9B7E000FF0062A1E0B1CB52B0066065C0156AD548573CE4D8902B1B920B8727684A1A69AFFE10DFB7120FBA219F48F645EDF94C47FCE5F49C9ADB333DF01A81FDCFFDA68078BFC4E092C5754D4745DC7B131B0C5450B060E70C539A096D47C7E1AA6481BC353EEC070AFF00D5507ED1340A55C72B6FACDCAB59836AB33FD60B0CC7418C1003D8046578788AC45DC083A758AA80F69870C46EDCF49BADC442DCC221A2B34FA4C5326EDEFC435121D4DCC841AC730D4DBDE32345E8C2072BA4300B80EB1B4D52EC52EAEC5D5BF7883A0E11B42855EB5D1559BFD7BE7D75E026F2AB6AF71F763FF18EC9AD650A71835E97896017A1F9E0784A1B3526D133ABA8BDC53E93B8B27ABAB35747DA23D7315C4C9D217AC1BA846696C1A54248C085697D6674E0C429168E7C4DB2558F514185064046824FF293F10EA4795F895F62BAABF99A715D8CF6F82461C511466D856D31A421680997C773C406D0F584E6015A14977D18518236A10E800E85E72CC332172ADB55BD7CCB2F741F9986B7C18AD1105EDF484D3D0FBA5BA1FEA8E417D58298F560D8B9D2915E6716FF00664CCF567585789C94830701A1C90D3574D0A100492166CB70572E9F68A05EE71328DD8C68E87F6088AF65E48A581F69BF4FB4B2FB2546036D18ED0416AD81A07AC2DB0184BC06AA64158ED29C368779FF000CEF287B4DBD8BDA59AB3ACA83550C18BBEB2D031530E78E90CE952C25678B18837DFF0024AB2C76173800F662319300D117AB43C07EC13C826B740638B41DABE968E17D27E7D5C17C054A2CAEA342AFE60027EAFCA67FC0ABCC4FDD8F82650DD03FCA532AEBFF00B4090B202289E9043875C9E81E846B126F41F4B857214180C041F3E017F134DE53F9981778C0FCC2EDBD8FC128065D5A450855036E0FCC454634692588E34D5DED16700089929C42ADFB20E285F554BBA4E9683611E54CA636ADE235CD56388B06B0D474789C3CB5F7422B4A09106F7CCE595997E4D10F9339D711FA3F08E8B7FE44EB6CBE50E5D2E0F810E021D00996AB60D6F56B37A72749835589A5A7D12149BD0C7B91FC13BE3ECC4B179003D98859D4B7B33DE20AAAF11CA6A8E9D223942AA8184A1A086FD6DFB475FA0C07BE730A18D4C0AC3D601B2211D59F7848E0463A029B1CC6FE8E951145710152C704D88900EC76E4EB98D5DC702C03361642909BC75FD8CFFDB021D9D2963A07D40CBE9F57AC16AD78FF002850EA2E5FD5C16E0EF2A369A172EF0FA3241EA7FEA1712901D89A5D1DA75071B81C6378211C530A96AB3D22774EAA32705AE2A16D0E6844DBE6055844EF11072F985731B608501B5422731F3157447278BFEE52E545DA69A4539A96F888D542EF49C07FF04541D3E02545CC0B8C4D364C744C2F62238E8DF14E68A8AAD4B4AFB5C1CDE2A52B0E7A406ED35A22B42537AF46741EA7DA0F14FAE65A5A78D2C2A70FAA5455CD434AEA586A5FC39F7A0F688B85B7F304162BB623952ED246990D1C3129136C251AB43CB89B661098D9A3DFFCFECE86CD4281543C0FFAC4B6F4698E9571539D03D623D56D7CB3FE93CEACC302C52AF4A8CA21853671A88370EABBEDE971C2AC55FF008110296BADF2B1DC95FF009AA285AA7031ED0E5610A2F9DC4CA4A0DA222F895A3F2DA2C6D89A7735339CBB4500B5D2205E983CD3BC01697E92F94BF101F026DBA237D93B05C33B9AA513B31C22625D8793E60A802B4682452AC3494ED2EAF0B82E95F43E31FA654A9358966E06C1A034172F7F606D6E5982115640FB10679A870BCB1E4FB6DC70D0CE8E26DC774238008EAC2B745DE660B007BE605A78B6FB4ABD79F8200685CB82A83B4A1D0D1D65C003CF686AFE5FBC55C94BE20B230AF982571F31EAFED400AAB0E022E72DCCC40B55DD36FC40805BB88526409DC8894485BB384A2D925E6E1709CE0FD82B105ACBDC5DD6D08A896970DCA5B0798A74BED1BA6F488AD0BA9A6630570B98205801E101FE590C741652F681040B03188742DCAD55F130BDC2DA5310D6195805290DCD050AC035774D52AACE481814C52E911140A1052DDBACF18E1A8F662724C71A4AEB2CF1BE614A64A5B412C1765E4B04E69147921614236282FCCFB823F40DFA71DE2070E8601500A13372AD42D30583FC10979679CAC00AF8F35719BA154A001514002AA00A84CFB00D828429409452C694A56E45DD6A04500F11B6AB32A0ED988B46A879C02F0A8470F27B4767C3D88D0D4CD53E90601BA26362398743690C4C8BEE40C2A096EDCC218CD92B742B8CDCB45A5310EA04C02FB92CA6F9266DA00DABEBFB4C4E5216259454572D193A929BD83895FBB2195CB049B6D11B5A2B6AD62FA6C00FA40B34FF00F3097E774C9EC407A9CA53EC712D1CC13E79A87F9A4D2DBE9C4BD4460050717ED1E567DA00AB954D80902B233DA05E39800C93A29EB033A88E90E30EA908AE116AD5115AA10742E724080A62974888A050054E2A381306A51F4042EF53618C2BEF1CB8F287B47B3AFCD31A2AF218F79D11FF003C4E007EAFF91D00F0CA07B63E23C83E4ACC358F10B807DA35550251309522892A8016A2800554015099D43680088A1620A22C0AE8CC9BA0945B31EA9B2B04A8EF1D144202F6CA6CEA1B285D246A3BE259D1ADCB595C1006D6E5F4255E78712F52CBF76AC7BC0DAB85AED6A257867519587FFB0ECB367ACDD9B5391AAD6FEE78FD75243AAD42D2A00A145ADD31CB595792CED481B59B2C21D6CEADE32F53B00D362D57BE6AF07420191681447E95DE38336FDD7F642CA1F19F69680DF6DED0B81AE695F73882D18E43DC712988F1FCDAF4972C5345E558F79A61448C205CFCD12A6D7EC884E34E60BAA2A697799CD64ABD2060AC29C08A2DFB43B998D013D64570DB56A88A95083DA41A96B6C852F222282220B7BEF98ED4756A1D10EB77C1107B14FE67B300255732F55F88D9674CEF9985BE1F131BB9F932A7EE851D22DF8FD0E6514C0B425930C4168925002D45000AA802A132D42A8011141441445815D19962E65F4352ED736CA71599B1B6A311CB1176A6BC3E2398BF566F18820904AD96C5A2AD97C0CE71295D330B50D9A99A984302EFEE8D28B295AE26499BCCB61A0EA4567F119F6E22D0AF30A1AB03B1F5C733BFEA3E38BD60E252914A4305EEEE2941C9AB72C0C1828C1D26051823F58C30F1FE2BA5D55CBA93D0B29BA107FF00094580EEFB6A1AB4FD02093032828F5D41BC7151B386C9732E07CC09A962B869FCCA3AC08B93B4CF38C0A742E7AF8820DCB74CBE21527977F35374BFECE628D0EEFC2A1B3FE0F565DCE2FA3F08A5B8E6C822C7EEDA02BCF5B845718B56A88AD5083B653920405314BA444502802B6F8896B28370E2B1317AC43944D3E61275C3E250A9BBB3EF9BF9A5BA62D625D17B83D6A2E623989BAB235F3D261BF2DB21400B514002AA00A84CA44A8014450B1051160574661A55FA2A438942D46082DC532ADC475A62574AADC498F48162E3F3328F0E601C54B7A0C17343885F902D45141D8B7C46874DB73F7942E0E1A8F682928B02B0C3B21FCC962D01478ED1560672730BBE775F1E6A26BEF6D0C2A738FD4078472796CD6EF8CBEA27763DD1EE9E5118F385CFDA31EAD251FECA950F6DFF007DE0A1E52B1F695923A0083C46C828F571107EF51B3F67CA2F9D94B4FA607DA5BC6E151E0D12F36CB6F2EBE125C3E43511806C472CF171ED05F436D53AF31C61CE55FCC3C7D1130C0F04022E200D0BB980DEA22F298029B996D988BFFD8315B856E6EC845708B56A88AD5061DA5EF1480A62974888A0500564051B12A6F06269BE222EEE7CCBF270F89613A17BE75BCA2A233A8BE91AA5C51EAE65D0A74BFC2214CBAB6BDE552BF02AA800B528016AA00AC6B64DC0E94AA70944611C4C801600CA851EA40F5D4CB04AF7E913D528D45D371769EB2D5466682655B6B4AFE2590A0AB58402CFA6618EA516BE613DA67215686843B7FD98E32AEEAD7E21592E70FF00533DA436A9C5388CE98F2A9C62136658931E183E4603AC24FA017E25B09D19FE63974AB487C450CD8541A9F9C2EFFACD7F0740B6A5E6C9EBE60825858F520F7E4D87D20E8A2655A70FF1023750F1F694733D002738216C7DF5133AC685AFCB889FA195F260FB4B0A3BA878351D0A4CF0C0DC75535DAC5E6058E4A953BBED300014583ED299BD19EC54C03A2CE41E92EDC7886B78A806DB2E2CB1710D61976A6A381C087DE59510DA89C41D535B560DC06D30721225C74332D1CDBAE495BB605D71116CA202F0348591204B958B1D6E6EEC2EEB944728D20A2EE074D21499ADD2C38B0682AEDDE2D799307D6FA462877396FAB50E10E02C75E8DB1972620005400A84033A04B0A56C514428151196CD5D9C96F681EED2D36236BE25D697A24CCAB90AC4DB23569025796AC675A5D234AF56E008ED960790D42FA91020A5F0054A555C80FF00510CDBB168D510517DD1D201CD4539CBB4E43E463AC088EA2FF32CF3FE258B931147761CE2FE8AEB93452D0F6A4F90FD6A6515A816B0D515758A9F3A83D1CDD118BB98BC4AC0DD0046453B0AFDF5079200D6AD0860DE56B0F488A79AE3494C253D2BAC46692F956FF09C88D95F3039442D923CA95A362454D3B22DDD0A7B8C7B8420F43F712E13D76C6F5DE273323DA634D0FB14FC412EED976ECC6A564432C5C34F1302E0D68C105EACE57B66416F3A8E5C1F98E79C7482DC37248B37711AE268CD4DC03258A3EA44635E9138F6A96F2B80F2E0F9806687D51117A3070589A41195AA1D01B7CC5E15E1FC04B29015AA9E62D09B3A2849585B15D37509B65EAB885F5C2BF9650E840A01A00F32D2250B00C48DD6FF00F812BAE2E0C550AADEA57CD1C8FE639CDB74E9057225AB7CA25D2EC4D34AF79A82211D7D1B7D0E20DC0F963BBAFBC3519D58205AD11E626C517C907ACB3E86A9BBE32549BC0DEBE7F62A814F991ACD9B2076A0975730E8866860C9F7829350157584796281DF6BB21658FCCB4CB3CA68AEB77591CD936D006556350DC44C91E8582FAA7596425AE87DE5818C455E201760F2C394DBE666734D91E40C0751B8E0D884F0827CCB95796ABDA0AA9A8E84F6695766B8B825A61A83B66CA9749A8AE3AC5D1A26F869517290A634D8FBCCF7BA30F68B5BBB65F6883772EE970CBCB9AA8B66F12DD4C9D547EB19C652357641B0BAD3E6B12EAD6D84FB205028E1FF0032A042840F88ED6D3A929D1B85C4FD001052860F4E9D02FBB346AF400420D7A922A500CB368BD1111745F79C94F0400CF90C652155FD962080672915AEAE18710264CB47211B1D712B41B05FABE8C630BB17B8965A5C0DCCBAE3BD75C2A5ED50398272528C518505794710F116D6DD3D4905DF5C4A2A7890B6048B8CDBE260FC5762B55B575729D0F44821A693A903AAD88288AECE2A982B3BBBC6B9A31354C066C019BE5F88DEE34290BA41BDD1E2F5C44C1E486A30D979CD904590526851982AAB6EDA2F001FAD438C0B8528C2270CB8222DE816802E80BEDFA31E31C971015AB2F61638810F4A3088E989A1BB8F488787823BAFD623977A2669D7771032CCED4DA33D1A14346AADB6C7B24B96B54C73C5EF36BBA3EF8209B864C99ED28379F11C9DEA2D11042D31DE41C4578549C560C010586D3A672E3E62D0EC4594AB7392DA08EE1EA960E4F0131B899B2DED2E53A387E66C14787FC62B63EA2AFBB88530A14CF62004E1654B2E43471987BA77342EBA8F5952B5D003F994253CDD0BD17C2240F41EB07751D0237F9A81B755EF28D12A3F454311B1D0FBA0D9975AF76437D55C1B52F1495D4BE65E3FA2FB877A1C66C79C8DB53062D1CE86E5446F60AA5A65590AF7498B44EB72ED76E3A7F96596BDE3C9D870352CC6C83B0D2814B0FB7E92387E4A01CEEFF878DAA6A2FB18076BA79201F10491D2C1EA941A9810C186685378FBA1D0E2400A87088B5A060E4C263EC13DC8943C959E1349E51F97E25C752C9ACAA8469F8F78050D696AFEC3710ACD032CDD285C6071D0C44D06CD2CE05E311F7F586612F624BC5B00A45E338481EE9EE073D02DAA0E800609584728D621CDB1D5F99496AE8A5FDA6D6BADFE63A00EAC69F6B9AB0EE28288CC3550E9EEAC7000AD045771E4968B92006B5316E40943305FA28AAD57DA0B017D626E0071FAC6B23BB51C3F7C47C6454CE0BA2B5933DE31118454C501785AED1C8EB5E0CA594A57621D29962D88D597BD4CCDFC2B59AC38D84BAEAE689B6800CABFB451316A06D55CABD7F8EC6A3B4DD8525E2CBB22AE77915EB063089F4495117A157DFF00F6A115A3F64B881B37BEA1EE416B72F039F88D9E6F0C4D569D6619AA7CDA0450945D4B1B52C6EB2A322EF8B63ED1B40270D83146F48F6DC2E6AC2AB5FA45C6DF0D2046BACDF31D450FC7F149F336403BC59D3D82596D500E50F9CC6AD1283B105C6B63E25875CDF9972F43DF77E99764F70401A15C0C772A2C2834AC0E4E79260E78186ACA5078AC877599A0FC1B70CA94778A7CC0535F482A5A22BC876E5E4594EB5B4184418D0D7DE12306002823D3D58D0F2644D89910495010443B462A6664B833D4E1DB26EE20A6D5730C15FB6980D1848EFF008EB50CDEF162EEAA93F424A8076B3EFB3E20B5BA31E1C9F32E3D2CA5CDAB7DAE12A4142F34DBCB507550324F0FCCB650976045577AB57E2257D429045385D673487DA20CE8E9FF0008B1875F4B8EB2F846A056568685B20383E8113D539529078213AE865CB44EE9EC19A005F032EFE8CD23EA0F367A58CB0D28F8C31C30A029650B466836D7039371931AA5A89C8410615D5F30A4580E328B97270332B68E66EB8541DAA0731123D2C8AB7AAAC77ADC774FA5235A5B03CB99C1C20B0BA0B4BD536EF7A802CCCE22C73DC74DE315AFD1798FBEC88685B52B03B8802B071E02C30CD6EEC09689D8B9A8A6CAE701CA789673A5ED05561916B46A10150EA34C28D5D17E085B1F2AB500D00B4518FDB0E16A45216AF9C4CE87423E488B16F26B8B55DABF8F829DDA800EA60EAEBFAD441B6093214D01E3FF00120B07D0069B053F33354B722C7B9980C25BBC8A22184A60BE09672AFAD4CC64BCB981641F4BFD33053DCE168A0A85D0AAA010010A4805FA2D2D5A2800A40FBC0061764755A8A86ADD5A33272D6FB439B3028B8104431B94562C6073814000000079D9B5B9DD732BFC8D451585ECD335A41188F67C436638B88D2224E2A01366EB75682EADDF5FDAD573DE912BBE4E91AA3586140B6D741CF1FBC1528A7CE80D0C1283DB5B830901D4587F8EA716870CDA99A13E9CC4A7E95F4A7E4067FE76971C9518D6533A17EEA6900AF8DC420BA5CBF0816FD07EA7D241B7E54116D818A783721785B5001540A009ACCBB0A766590082408CF23E239015C473BD869B95AD41050D50E184990C24092DB982C61057BCFD9090159AE17F2AC2F30450C771E048E1A00000005850E8A6A6F121469C598D8EA66CF0FECC68C42C1B3214B210A8083A8E3900C088A14022A0C8FE405C1A4F35A7166EC3FC84ACFF00D5842D2901AECD8FE85169837D71F3508AE3F67D0CCB725F38CDC18FC301069F89F4BA3300715BC25D5B4E07FD98DA9E41BABAB574EFA330D46101565283C5642E6B34225679176E8D9AE354ED42D8A1AE1ACD275C7082E5D9A8856D60A3A77186CC1800A0FD41689A3ED322A5A3680D015AC12CC915CD95161766C2ECE6D7408ADAA85F50ADD5E170EA16590E6A58A034F0D534F47F959829356B17DCA64634FE25D3C27B7F2083A8B8EDBB234C55DEE6F803A6E0E33F451A9D1F8F78A75E3E73F99729D4BFCD4CB23002EDE894DC7FC9055803B96B9B94F052CACEF5458AE6B71D91E5635A5B03CB99C1C643017F0E814D792F32BAA44B82B616A6D5B737FB817305A2523FC445B88D168BEA8730A58560B94436B37E21A53BEB76279A32CE2CEBFCACC15C70905892A41871C574FE4D4FFDFE14259890B34B0AA7365BA3255A5873B493250B7364116371CCDAB85943833D3FF13E84EE156AC4DD3BDC7A2FBB08B81681459B131FC10B982D11955CD015DDA10400D61065316150704A0B5614BC194AAAADC0B5402DC4DBE9484BB5AF40DD005B5FCACC142BBDD169DA0CE8608349123640EC481592D3AFF2B5618757869D270EC839AD9E8DF5F10B5957621E06CD2F578387A367348918B0BAC30289AFC3F24294B5D2D29017FC1C88168DD29C72036DEEBB4101683B7E13A6C1C20AAB87F8017305A2ED08A4503476EE33708995CE8FF70660B5AC6343D14224746B54DCA347554D500C40B3E2B2A9797435A4139096732558E6E03B72863063102A925D1765AE43A38DB67D384B14BD55B9EC75ACEA0270D5B73966BC0998D6E100BDCA222D7165F537309B3047901BA9B6AC39C7EE85CC168917A5428E816DB6EDBC610AC5B963CFF7299829092130AA4E609903A5C20B3438D75DDB5B7957B440069EF15DC20D6E9C3364CE8089C0D61E2043629E7DA10DA63ACBC968692B51E150918AF24A16428E61C9F62366C96B777158501A03AD7EE05CC168DA5A519FEE533056678AA1C8E3300A530DEEDA64CC22629354C17710017E0885EA603128282A5DC5591F68F6A490D6E95B61BEAAD5E22BBCA9139C6B69B5E7D436BA548F6AEAB325992337180A4EE79831C2A9355458307157CC1514A701800347EE05CC1689199D8D9B7E21035C4720C75FEEB3057BBEA0B60A74AA5942ABB5210E8C8CC1F5F3596DECED61BC20866292CAFA64495824014DDA4A32DCBB08E20221103ACBBCA509584729F6D83BAD55F31356D1DA08D5F167EE85CC168E0E1D2A0DAC3D01CA1E4C4E7FA2D07974F01AFEEB305329F12E083299A19E9A752A2BC03C30D2BAB7D8B9B1CD5005871406CE6CE3F46E432530B0103B05B0E68E9FBC17305A3EE325C9FDDFE60A73BCB05401A000A9630218DEF07AA0AFF08CC17305A29D18859E0FEEEF30564425BA9D5DCD1BEF730574AA5ED3F85B305CC168972206540478015F0C7F9D521050035625F67FBBCC1488548BC1156714E2B827B4FE16CC17305A3BF9A69DE752AD5A964191AB9E14BACB8EEF5FEEF30574CE515120F6C0A3A758C42E964F467B2FFF001DB305CC168A6CC16CE820E4FD0F69ECFEB8DD90D2BADA00A0E52AD3FA5D0B0662B0F043A40987E86EC8695D6D0050729569FABA160CC561E08748130FD15092405EAF538C586C7EAEC4D61640CA2801957EAEEC8685D2D105432176CFDE742C198AC3C10E90261FEACB1ED05F6FF5869920B4B9ED7E9944417A032AAE88E0F54ADB0380A6DAA3D49C6BF0C9F87847238FAE02B40B42D68CE89A2002AE428A9E2F8EBF4C5C95BE693745D52D8945B78DE230D812AA59620134D53E9151A8B0555D005ABE38178823A802A02AB5A30EEAE9AD4E35F860FCBC0195C4A52C6118604726E9CF4608882F60E444D9F4A5333126A0054F407994A666A4D48028E8871F4DE42C5AB5546DEE3AEBF76A0D56670D6015F4222AE85A96C13907FAB25442B35414DF25EB19D9076D60FBCCBC7F4DB41F0200B392C31A798DA721020E15320F766B308AE5988B16326F0F0CE28AFAA07282105A8C18CE305F9990D5329608573565B57C5FD3299A63404EBA155EEB1C47A565680C2965F4B8E3F4394E33BB417BAB396181E56DB43D00D6B7D58A67DE40994EA5B5D1CEC239D49A9F0140B600B77D0C479BAE321839B2AB3F4CAB0AA0354154ED2D40A678695A2AD5102B695299714DA22CC1FF0019178753C9A6737FBA2E25CDA02B57CE2292E030FA35807020059EBFD584A44542EDB3F128401C867927B4FF00F1D303639D6A44C88EC21268A82A6E9A2D35C231B12A4AD0282DCB8EBFDE7FFFD9',
        3);

INSERT INTO zone (id, name, laddle_id)
VALUES (1, 'Зона 1', 1);
INSERT INTO zone (id, name, laddle_id)
VALUES (2, 'Труба защиты струи металла', 2);
INSERT INTO zone (id, name, laddle_id)
VALUES (3, 'Крышка', 2);
INSERT INTO zone (id, name, laddle_id)
VALUES (4, 'Стопор-моноблок', 2);

INSERT INTO refractory (id, name, zone_id)
VALUES (1, 'Огнеупор №1', 1);
INSERT INTO refractory (id, name, zone_id)
VALUES (2, 'DALGUN P85', 2);
INSERT INTO refractory (id, name, zone_id)
VALUES (3, 'DALRAM PL40', 2);
INSERT INTO refractory (id, name, zone_id)
VALUES (4, 'DALCAST A60', 3);
INSERT INTO refractory (id, name, zone_id)
VALUES (5, 'DALSTOM', 4);

INSERT INTO property (id, name, type, value, refractory_id)
VALUES (1, 'Свойство', 'Тип', '1', 2);

INSERT INTO point (id, x, y, zone_id)
VALUES (60, 372, 3, 2);
INSERT INTO point (id, x, y, zone_id)
VALUES (61, 373, 9, 2);
INSERT INTO point (id, x, y, zone_id)
VALUES (62, 377, 51, 2);
INSERT INTO point (id, x, y, zone_id)
VALUES (63, 375, 98, 2);
INSERT INTO point (id, x, y, zone_id)
VALUES (64, 375, 111, 2);
INSERT INTO point (id, x, y, zone_id)
VALUES (65, 383, 112, 2);
INSERT INTO point (id, x, y, zone_id)
VALUES (66, 390, 6, 2);
INSERT INTO point (id, x, y, zone_id)
VALUES (67, 389, 1, 2);
INSERT INTO point (id, x, y, zone_id)
VALUES (69, 246, 77, 3);
INSERT INTO point (id, x, y, zone_id)
VALUES (70, 263, 76, 3);
INSERT INTO point (id, x, y, zone_id)
VALUES (71, 298, 70, 3);
INSERT INTO point (id, x, y, zone_id)
VALUES (72, 301, 83, 3);
INSERT INTO point (id, x, y, zone_id)
VALUES (73, 248, 89, 3);
INSERT INTO point (id, x, y, zone_id)
VALUES (75, 302, 53, 4);
INSERT INTO point (id, x, y, zone_id)
VALUES (76, 304, 158, 4);
INSERT INTO point (id, x, y, zone_id)
VALUES (77, 306, 167, 4);
INSERT INTO point (id, x, y, zone_id)
VALUES (78, 314, 167, 4);
INSERT INTO point (id, x, y, zone_id)
VALUES (79, 317, 160, 4);
INSERT INTO point (id, x, y, zone_id)
VALUES (80, 318, 108, 4);
INSERT INTO point (id, x, y, zone_id)
VALUES (81, 320, 48, 4);

INSERT INTO role (id, role_name, description)
VALUES (1, 'ROLE_USER', 'Standard User - Has no admin rights');
INSERT INTO role (id, role_name, description)
VALUES (2, 'ROLE_ADMIN', 'Admin User - Has permission to perform admin tasks');

-- USER
-- non-encrypted password: jwtpass
INSERT INTO users (id, first_name, last_name, middle_name, username, password, shop_id)
VALUES (2, 'Admin', 'Admin', '_', 'admin', '$2a$04$EZzbSqieYfe/nFWfBWt2KeCdyq0UuDEM1ycFF8HzmlVR6sbsOnw7u', 1);
INSERT INTO users (id, first_name, last_name, middle_name, username, password, shop_id)
VALUES (1, 'Ilya', 'Man', '_', 'user', '$2a$10$4s9YkGQYo6F.RCMHympTTe8ouesx0TkG/E4aJEec3V7pNkI0rvEXi', 2);
INSERT INTO users (id, first_name, last_name, middle_name, username, password, shop_id)
VALUES (52, 'man', 'man', 'man', 'manny', '$2a$10$QUXtzqNVIjiXhoxqggXmpePBNNuWEkSjlECd1XHzg90xl4UAwB40y', 2);
INSERT INTO users (id, first_name, last_name, middle_name, username, password, shop_id)
VALUES (55, 'Анна ', 'Добродон ', 'Владимировна	', 'anna',
        '$2a$10$asVSApWJusoT/LHaXNHWrutRCX7LfO9kdhrmBOfzbagQQruQmqsyG', 3);
INSERT INTO users (id, first_name, last_name, middle_name, username, password, shop_id)
VALUES (56, 'Андрей', 'Ванин', 'Викторович', 'vanya', '$2a$10$vDOEo3NrdPGzkMHPo9C.b.mV4RXaCpgSCxvBB0Xn8ok5Erb5ODxfy',
        3);
INSERT INTO users (id, first_name, last_name, middle_name, username, password, shop_id)
VALUES (57, 'Артем', 'Артемьев ', 'Юрьевич', 'artem', '$2a$10$lkl23LceLpcv0WyDZ2b7ZuJkdbcdP80RtpIdSp4U6fAAjOLLnRtw2',
        4);

INSERT INTO public.user_role (user_id, role_id)
VALUES (2, 1);
INSERT INTO public.user_role (user_id, role_id)
VALUES (2, 2);
INSERT INTO public.user_role (user_id, role_id)
VALUES (1, 1);
INSERT INTO public.user_role (user_id, role_id)
VALUES (52, 1);
INSERT INTO public.user_role (user_id, role_id)
VALUES (55, 1);
INSERT INTO public.user_role (user_id, role_id)
VALUES (55, 2);
INSERT INTO public.user_role (user_id, role_id)
VALUES (56, 1);
INSERT INTO public.user_role (user_id, role_id)
VALUES (57, 1);

INSERT INTO oauth_client_details
(client_id, client_secret, scope, authorized_grant_types,
 authorities, access_token_validity, refresh_token_validity)
VALUES ('app_client', '$2a$12$fFEZR4h7MHrOTu1Bg/R.Eup.JYeULc8p9L9eCAU/pZDqTS5gI.i.S', 'read,write',
        'password,refresh_token,client_credentials,authorization_code', 'ROLE_CLIENT,ROLE_TRUSTED_CLIENT', 900, 2000);



